file	sample	group	ABCC3	ACADSB	ANXA2	ANXA4	AOX1	APOD	AQP3	ARG2	ARID5B	BCL6	C10orf10	C1R	C4BPA	CAAP1	CAMK2D	CD55	CEBPD	CFD	CLDN4	COMP	CP	CRABP2	DDX52	DEFB1	DKK1	DPP4	DYNLT3	EDN3	EDNRB	EFNA1	ENPEP	FOXN2	G0S2	GADD45A	GBP2	GGNBP2	GNLY	GPX3	HABP2	ICA1L	ID4	IDO1	IGFBP1	IL15	LAMB3	LEFTY1	MAOA	MAP3K5	MMP7	MT1G	MT1H	NDRG1	NNMT	OGT	OLFM1	PAEP	PPIP5K2	PRUNE2	RIC3	S100P	SERPING1	SFRP4	SLC1A1	SPP1	TCN1	TPM2	TSPAN8	YARS2
READY_controls_all_reads_counts_umi1.tsv	05R	pre-receptive	0.018650988741116193	0.060926563220979564	28.015028488405928	3.018973377562008	0.018650988741116193	0.006216996247038731	1.0307779777590216	0.04227557447986337	0.014920790992892955	0.19272688365820065	0.43767653579152666	3.1358529070063357	0.021137787239931684	0.803235915117404	0.2573836446274035	0.6092656322097957	3.062492351291279	2.7392085464452647	0.9524438250463336	0.004973596997630985	1.2371822531607075	2.1025881307484986	0.20889107390050135	0.39415756206225555	0.08206435046091125	0.06216996247038731	2.1436203059789545	0.00994719399526197	0.17158909641826897	0.6627317999343287	0.028598182736378163	0.5719636547275633	0.25116664838036473	0.7211715646564928	0.8877870640771308	1.523164080524489	23.133443035231117	0.3817235695681781	0.10568893619965843	0.024867984988154925	2.3276433948913007	2.0453917652757423	0.004973596997630985	0.6241864232026886	0.1454777121807063	2.5203702785495015	0.7261451616541238	0.5955882404663104	0.3742631740717316	13.904933806126826	1.3242202006192496	0.02238118648933943	0.24992324913095698	0.705007374414192	0.38421036806699355	0.03854537673164013	0.5943448412169027	0.42897274104567246	0.012433992494077463	0.027354783486970416	3.9017868446415074	3.5996408270354254	0.0323283804846014	1.3453579878591815	0.03605857823282464	3.9415756206225554	0.024867984988154925	0.7957755196209576
READY_controls_all_reads_counts_umi1.tsv	11R	pre-receptive	0.021786661314849614	0.1059021189130516	18.211564917697206	3.3869733129294035	0.025954544348994756	0.0024628399747221304	0.34555539337639735	0.21710881623319703	0.02349170437427263	0.3806035007089815	1.4744833479432569	1.7148944193219018	0.07540079307226215	0.9322796550467387	0.27735367099947683	0.9963134943895141	4.237979248810312	1.360245462961915	2.8267719432945313	0.019134372111302703	1.4032504379051398	0.5590646742619235	0.4245557217963303	3.414822349566646	0.060623753223929364	0.06895951929221965	4.761048569595528	0.013450895246559328	0.13128831557557202	0.9599392424551565	0.029175181239016006	0.4260713156269285	0.7020988420246319	0.47798040432491806	3.2016919671387694	1.0421602077651106	3.391898992878848	0.2629555296087936	0.026712341264293876	0.05607697173213466	4.002683306609936	7.948721293801263	0.021597212086024834	0.7773101858680693	0.41034702963447184	2.9847726001343973	0.7996651948693932	0.40958923271917275	0.07900032841993294	27.88711593223633	2.5814351919664422	0.14360251544918268	0.23851657909039709	0.6810699776250814	0.16292633678931015	0.39045486060787005	0.7426409769931347	0.29459355082253175	0.017808227509529248	0.11537458035429056	1.9433701892845856	2.09852910769208	0.038458193451430187	5.069093015664619	0.20858360093608197	2.0248333576792406	0.04812010412149393	1.0182896049331884
READY_controls_all_reads_counts_umi1.tsv	332R	receptive HRT	0.033611326518193166	0.14164773318381405	77.90625325109772	15.499623142961076	0.019206472296110378	0.007202427111041392	0.9387163334723948	0.23527928562735215	0.021607281333124177	0.4681577622176905	1.740586551835003	7.696993772666234	0.6602224851787942	0.6458176309567115	0.30970436577477983	4.7584035113613465	10.304272386863218	5.0368973596549464	3.471569867521951	0.024008090370137975	6.60702646986197	0.5377812242910907	0.5113723248839388	16.829671349466718	0.21367200429422797	0.07922669822145531	7.567350084667489	0.007202427111041392	0.0864291253324967	1.2124085636919677	0.02880970844416557	0.605003877327477	0.24008090370137974	0.8498863991028842	6.58781999756586	1.5389185927258442	12.311348741806754	0.6506192490307391	0.1824614868130486	0.05041698977728974	5.944403175646162	5.3321968712076435	0.0048016180740275945	0.9411171425094086	0.8714936804360084	11.910413632625449	2.5136470617534457	0.698635429771015	0.1824614868130486	107.79392495288249	18.070889621602852	0.28809708444165566	0.5665909327352562	0.6890321936229599	0.08402831629548291	0.9291130973243396	0.5281779881430354	1.291635261913423	0.014404854222082784	13.487745169943514	7.9418762944416414	0.69143300265997365	0.10083397955457948	4.8280269734347465	0.0888299343695105	6.667046695787315	0.07922669822145531	0.8234774996957325
READY_controls_all_reads_counts_umi1.tsv	37R	receptive HRT	0.06164424054677311	0.08732934077459524	68.9314704114095	14.145518555468156	0.02201580019527611	0.0047700900423098234	0.6006644153277833	0.522508324634553	0.015411060136693277	0.446920743964105	2.576582482853814	4.720187561867198	1.0369441891975049	0.7059733262618539	0.23079897204714456	4.832835072866361	6.9368117115282475	5.0313442046271	3.689848112728276	0.03595914031895098	4.142639736744455	1.2325178809322075	0.7136788563302006	20.993166276205535	0.14310270126929472	0.07118442063139276	8.395725404468545	0.008439390074855842	0.19594062173795737	1.7953885059247667	0.025685100227822128	0.5302138547028996	0.23153283205365377	0.9092525480649033	5.065835624933033	1.5708273439329505	8.895850998904567	0.9778684586735139	0.06311196055979151	0.041096160364515404	7.101930212992818	5.469458628513095	0.015411060136693277	0.8520114675571855	0.6171762654742403	4.345552028544249	4.861088683116965	0.8604508576320413	0.11631681103170878	126.95557954607271	15.602964528395434	0.2029122917997948	0.5837856351780715	0.9008131579900475	0.23043204204388995	1.4390994727645483	0.6406597856825348	0.47297277419518174	0.01210869010740186	3.535003651354834	6.402194696786292	0.8659548076808603	0.0799907407095032	7.854870579671261	0.2194241419462519	3.9991701054719053	0.44802153397386885	0.9290667682406518
READY_controls_all_reads_counts_umi1.tsv	A107R	receptive HRT	0.061345987265662774	0.09585310510259809	39.820447158982525	5.163798478087164	0.03374029299611453	0.002300474522462354	0.6855414076937815	0.44629205735769667	0.025305219747085893	0.4056503407941951	1.6571084810137158	5.8853806532995225	0.5835537038646171	0.8212694045190604	0.23848252549526402	1.8495815160597326	6.798669038717077	8.691959570703595	4.264312939804384	0.022237920383802755	4.093311000301349	1.652507531968791	0.6379982675628929	4.046534685011281	0.16716781529893107	0.11885785032722163	4.967491318837043	0.005367773885745493	0.33356880575704134	1.6371710351523754	0.02913934395118982	0.5858541783870795	0.28679249046697347	0.8764807930581568	3.415437841015775	1.5543539523437306	36.90037816513698	1.2292202198357178	0.0705478853555122	0.03297346815529374	6.2020793125585065	3.0504292167850813	0.016870146498057265	1.0482495574020128	0.3090304108507762	3.6309156212864155	2.411664124381368	0.6847745828529608	0.2768237675363033	79.9269199835912	7.004178096057047	0.12422562421296712	0.5666835573665598	0.7890627612045874	0.19707398409094165	2.2061550670413976	0.7100798026000467	0.6556352389017709	0.015336496816415694	0.8887499905112894	7.547856908198984	1.9101606784845746	0.07821613376372004	14.660924131652582	0.17330241402549734	5.166098952609627	0.05444456369827571	1.3112704778035418
READY_controls_all_reads_counts_umi1.tsv	A114R	pre-receptive	0.02172805645898517	0.18287780852979182	19.00118537338253	6.776135829584069	0.018106713715820972	0.0018106713715820974	1.0284613390586312	0.17141022317643856	0.011467585353353283	0.3331635323711059	0.45025361440008155	5.549707753899129	0.04345611291797034	1.2988549305482244	1.0133724109621138	0.6814159928387293	3.933381776200176	5.039098427112977	2.0007918655982175	0.01267469960107468	0.8196305742028294	0.5100057696622907	0.1255398817630254	1.6615927619885047	0.2601331203839613	0.09234423995068697	2.7329066568412457	0.006035571238606991	0.18046358003434904	0.5745863819153856	0.016296042344238877	0.59571088125051	3.1825567141174664	0.7043511635454358	1.508289252527887	1.9543179670609436	7.941604635759079	0.2112449933512447	0.01991738508740307	0.08087665459733367	4.616608440410488	3.1179761018643717	0.010260471105631885	0.9747447550350291	0.09174068282682626	3.6581597277196973	1.3954240703659364	0.4170579725877431	0.010864028229492584	54.82290423163888	4.945547072914569	0.7019369350499931	0.17925646578662763	1.088817051444701	0.26194379175554344	0.35670226020167317	1.0785565803390693	0.29212164794857837	0.016296042344238877	0.08027309747347298	4.063146557830226	1.0701067806050195	0.04707745566113453	3.5935791154666026	0.2782398340997823	2.9658797066514753	0.024142284954427964	0.16477109481397087
READY_controls_all_reads_counts_umi1.tsv	A125R	pre-receptive	0.010683265535689926	0.03901714369556321	19.885737570172047	3.5087559937652912	0.017650612624183354	0.0065028572825938675	0.6739747083602644	0.06177714418464174	0.003715918447196496	0.1365600029344712	0.6317061360234043	4.65465234491951	0.045984490784056635	0.9958661438486609	0.2308514335320823	0.4918947044476361	3.9045013083917177	3.389382113649104	1.0223420627849358	0.0051093878648951815	0.6841934840900548	1.8240514677675799	0.1978726573132134	1.2206792099040489	0.12541224759288172	0.0757118383616286	2.550513524194495	0.005573877670794743	0.19462122867191647	0.8727763452852769	0.012076734953388612	0.5067583782364221	2.232338007153295	0.5629616447502691	1.5207396245151659	1.334014722543542	7.714246696379925	0.29820245538751877	0.01857959223598248	0.031585306801170214	2.331738825615801	0.9336245098581195	0.06270612379644086	0.7589763428398842	0.1625714320648467	3.0572719024309167	0.8690604268380805	0.4203632743391036	0.11426449225129225	11.637792086813525	1.1491477797955163	0.017650612624183354	0.2503600053798639	0.5234800112488064	0.3256073539355929	0.03808816408376408	0.5759673593154568	0.30238286364061484	0.0032514286412969337	0.07431836894392992	3.90217885936222	2.7595339368492975	0.05295183787255006	9.060338153876856	0.20065959614861076	4.286776418647057	0.011147755341589486	0.42593715200989835
READY_controls_all_reads_counts_umi1.tsv	A140R	early-receptive	0.017509532582887535	0.15272203419518574	32.83426460015477	4.4790357098836475	0.025291547064170885	0.002918255430481256	0.3258718564037402	0.30495769248529125	0.011673021721925024	0.2772342658957193	0.936273617279403	2.261161582717893	0.10311169187700438	0.7631237950708484	0.2976620539090881	0.9995024849398301	3.4839106080895395	2.8545401869157483	3.218349363915745	0.013132149437165652	1.4138947560681685	0.6142927681163044	0.4610843580160384	5.168716743287384	0.08803403881951788	0.06906537852138972	5.62445096634754	0.011673021721925024	0.4012601216911727	0.8603989760868903	0.02188691572860942	0.46692086887700096	1.4537775802847457	0.6697396212954482	1.777703933068165	1.4328634163662965	8.612258151255267	0.6780080116818118	0.03550544107085528	0.05252859774866261	4.11328102926333	3.3234065594130704	0.012645773532085442	0.6040788741096199	0.19114573069652227	2.4868400026751103	1.519924703375654	0.5569004113168396	0.10797545092780647	95.8783094166515	8.653113727282003	0.5009671822326156	0.32684460821390066	0.62742491755347	0.3239263527834194	0.5967832355334168	0.7188635877085493	0.5170175871002625	0.012645773532085442	0.27966614542112034	2.6385892850601356	2.122544449770033	0.0992206846363627	8.076758279761956	0.1935776102219233	2.6327527741991728	0.07441551347727203	1.2937599075133568
READY_controls_all_reads_counts_umi1.tsv	A154R	post-receptive	0.07092346605533378	0.3144273661786465	62.72116720603444	14.70598068657346	2.80088588030189	0.004137202186561138	7.565760741452731	0.8569918815019499	0.03250658860869465	0.4084009587019637	3.85055317792083	12.759131543354549	4.030816987478137	0.7145539205074879	0.188538213930429	17.253906204611326	18.354993015120385	12.863743655786166	5.924473531155549	6.1638402290923	10.792187418086625	0.25709756445058496	2.803249995837068	10.717717778728524	0.6034404903541316	7.216462671130213	9.873137503786257	5.910288837944482e-4	1.809139413294806	2.4267645968600045	0.034279675260077996	0.644812512219743	9.895596601370446	16.863236112423195	3.703978014739807	1.2612556380173525	126.0020387650222	111.84216876707482	0.5147861577849644	0.0330976174924891	13.091880804930822	12.01266206312216	3.582817093561945	2.8806747796141408	4.20398845042991	2.6418991105611833	5.780262483509704	1.6767489433248497	0.34397881036836886	26.8593076240387	4.802700709713686	0.0833350726150172	6.321053912181624	1.1613717566560908	0.22518200472568478	452.8285998967924	0.6341739923114429	1.140685745723285	0.018321895397627894	0.7907966465169717	23.271762299406397	0.8841792101564945	2.4628173587714657	27.872331130862385	1.6182370838291993	9.882593965926969	3.3186271825058267	0.32388382831935764
READY_controls_all_reads_counts_umi1.tsv	A163R	post-receptive	0.09929428326862606	0.09816593914057349	179.8546689791953	25.784920014257303	0.7740440718440622	0.023695226689103947	31.1422979342509	1.1294724721806215	0.057545550530681014	0.3328615177755078	18.890737391856106	18.854630379758426	18.49243191465355	1.261488735162772	0.18956181351283158	29.45993683932452	38.544235414275754	5.536784636353955	5.381073146682701	0.3306048295194027	10.802766681975294	0.23808061101909203	2.8693791176376826	50.39749047946799	0.43779752168439673	0.819177836966165	29.612263296611616	0	4.426494014350228	9.484860740409895	0.11170606867720431	0.7018300476486978	1.5322913258953885	26.487878406034053	12.178218174071375	2.362752604142079	21.80412193048784	27.72567191450772	2.6437102920271687	0.047390453378207895	29.20041768987243	15.176228522307051	15.546325396308294	2.5692395795756995	3.756257602287002	7.586985917025473	8.935357150048294	3.1131014492970377	0.10380765978083634	43.32841451721865	4.860906503650467	0.08575415373199523	7.512515204574004	1.06290016862552	0.2110003519458304	128.7869420876641	0.9399106586677899	1.4691040547244447	0.05528886227457588	21.88197767532347	31.722266816069922	0.9150870878506333	2.33228731268466	18.414576169817924	6.0005340729835615	6.295031890405282	2.8479405792046837	1.1339858486928318
READY_controls_all_reads_counts_umi1.tsv	A172R	pre-receptive	0.022416187101537047	0.12526692792035407	13.801778258340486	5.0963860674965105	0.04087657647927344	0.001318599241266885	1.6192398682757347	0.11735533247275277	0.025053385584070817	0.3520659974182583	0.4166773602403357	6.579810213921756	0.050106771168141634	1.215748500448068	0.7014947963539828	1.0746583816325113	4.24588955687937	4.607185748986496	1.021914411981836	0.0356021795142059	1.5862748872440626	2.0965727936143472	0.1569133097107593	3.2991353016497462	0.19251548922496522	0.22548047025663734	2.178325946572894	0.0065929962063344255	0.18460389377736391	1.077295580115045	0.044832374203074093	0.8531337090996747	1.4478219669110397	1.2526692792035408	1.7009930212342816	2.097891392855614	10.598900701303222	0.43777494810060585	0.014504591653935736	0.06724856130461114	2.511931554613416	1.926473491490919	0.0065929962063344255	1.0403748013595724	0.3336056080405219	1.0034540226040995	1.0838885763213795	0.35865899362459275	0.1687807028821613	14.77754169687798	1.4306801767745703	0.3256940125929206	0.9994982248802988	1.3489270238160234	0.688308803941314	0.25053385584070814	1.0364190036357717	0.3533845966595252	0.023734786342803932	0.19251548922496522	5.65942794351747	2.783562998314394	0.06856716054587803	3.5483505582491874	0.6461136282207737	5.811066856263162	0.06988575978714491	0.13845292033302292
READY_controls_all_reads_counts_umi1.tsv	A173R	pre-receptive	0.046352201135297394	0.07963070451448527	24.294495984784973	2.0038413106182413	0.05823738091357877	0.040409611246156704	1.2075342654733885	0.12598290564978265	0.040409611246156704	0.13786808542806403	0.39934204055025446	6.33955489373529	0.0558603449579225	0.4373746158407549	0.16520399891811122	0.20917916409775233	5.304355735046981	2.948713102991611	1.331140135167515	0.023770359556562766	1.5022867239747668	2.585026601776201	0.5098742124882714	0.6263489743154289	0.12479438767195451	0.1057781000267043	1.6401548094028309	0.009508143822625105	0.146187711272861	0.9852814036195267	0.07368811462534457	1.1386002227593566	1.0375761946439648	0.36844057312672285	1.5831059464670802	1.4595000767729538	23.283067185653227	0.4623334933751458	0.05942589889140691	0.06774552473620388	2.810845017563547	0.9413062384398855	0.08319625844796968	0.8319625844796968	0.1640154809402831	3.3207192300518185	1.2170424092960135	0.13430253149457963	0.04278664720181298	19.242106061037557	1.5153604217308763	0.19729398431947096	0.5229479102443808	1.3774923363028122	0.4302435079737861	0.19491694836381468	0.2804902427674406	0.8806918215706505	0.05348330900226622	0.11409772587150127	5.436281230585904	5.290093519313044	0.0867618123814541	1.4452378610390162	0.3280309618805662	6.091154636369208	0.11290920789367313	1.8683502611458334
READY_controls_all_reads_counts_umi1.tsv	A176R	early-receptive	0.130592713589505	0.16695091225931039	30.64550945431901	4.564808943196788	0.09126649870175634	0.005194028381400768	3.0021484044496436	0.38955212860505756	0.061586336522323384	0.6410915030757518	3.6625320129420267	2.991018343632356	1.1434282479626545	0.7716842166652569	0.35541994209870964	1.8527841240511023	4.762924025744503	4.774054086561791	5.056015627266404	0.07865242977549733	2.788451236757726	1.1679143817606867	0.3175777353199326	1.938114590316972	0.05565030408643679	0.12836670142604753	3.365730391147697	0.011130060817287358	0.5572450449188537	1.5062682306062225	0.08829848248381304	0.6284774341494929	0.3012536461212445	1.234694746664411	2.3024385810695116	1.23840476693684	21.423883065169193	2.352152852720062	0.0808784419389548	0.11130060817287359	3.293755997862572	5.677815024925525	0.06826437301269579	0.627735430095007	0.2545073906886376	0.7108398841974193	2.4827455663095668	0.5386949435567081	0.311641702884046	18.901811283971877	2.187427952624209	0.8725967680753289	1.280698998042532	0.8993089140368186	0.46449453810812574	21.030620916291706	0.6499955517295817	0.4659785462170974	0.07568441355755404	1.213176629084322	6.440595192936951	2.2690483986176493	0.23521528527200616	1.0818419114403313	0.711581888251905	6.983000156766089	0.35912996237113876	4.169320782155844
READY_controls_all_reads_counts_umi1.tsv	A185R	late-receptive	0.17412601990644755	0.21981866342799763	54.08280082115578	9.103950487591003	0.16795133834948134	0.0246987262278649	6.487120443748717	0.7039136974941497	0.059276942946875764	0.508793760294017	8.707535931633771	8.71865035843631	5.964742384029374	0.5680707032408927	0.14078273949882994	4.193843713491461	16.85441077789501	6.49206018899429	8.929824467684556	0.2543968801470085	13.717672546956166	2.434059469756086	2.151259054447033	17.180433964102825	0.14942729367858265	0.4137036643167371	8.470428159846268	0.0074096178683594706	0.9941237306715623	3.87399520884061	0.08521060548613392	0.6125284104510496	1.2855687001603682	5.150919354821226	5.27070817702637	1.2201170756565263	22.358521917774702	23.98987278512518	1.596772650631466	0.051867325078516296	11.500961868005291	8.46301854197791	0.11114426802539205	0.9434913419044393	1.3670744967123223	3.1552622756097413	6.329048595890381	0.9187926156765743	0.2247584086735706	17.587962946862596	3.2071296006882575	0.21487891818242466	9.816508739264906	0.9076781888740352	0.24822219859004227	86.33686740212455	0.4161735369395236	0.9360817240360798	0.0382830256531906	13.1631861431406	16.140617589909713	0.9397865329702595	0.3606014029268276	28.51097462113585	0.8224675833879013	7.951754909061106	0.18524044670898676	1.5807184785833537
READY_controls_all_reads_counts_umi1.tsv	A186R	pre-receptive	0.042269510976427914	0.21134755488213955	21.45412512670252	3.7995593755477977	0.03287628631499949	0	0.47905445773284966	0.17847126856714007	0.06105596029928476	0.29118996450428114	0.7796376468985593	6.312246972479901	0.08453902195285583	1.150670021024982	0.6950986249457034	0.9158394044892714	5.152183726793491	2.6160130682078164	0.8266037702057014	0.03287628631499949	0.6105596029928476	5.142790502132063	0.1174153082678553	1.042647937418555	0.13150514525999796	0.1831678808978543	2.6254062928692448	0.02348306165357106	0.5166273563785634	1.084917448394983	0.0798424096221416	0.9158394044892714	0.4179984974335649	1.4042870868835495	1.3432311265842647	1.6626007650728312	8.970529551664146	0.6434358893078471	0.1174153082678553	0.09393224661428425	6.8476607781813215	2.846147072412813	0.05635934796857055	1.9584873419078266	0.1174153082678553	1.1741530826785531	0.8547834441899866	0.21134755488213955	0.30997641382713803	1.0238614880956982	0.16907804390571166	0.09393224661428425	0.1925611055592827	1.2446022676392663	0.4273917220949933	0.13150514525999796	0.7984240962214161	0.1972577178899969	0.07044918496071319	0.08453902195285583	4.875083599281353	26.634488527480297	0.15498820691356902	0.5213239687092776	0.4837510700635639	6.570560650669183	0.07044918496071319	0.14559498225214057
READY_controls_all_reads_counts_umi1.tsv	A190R	pre-receptive	0.06985593288999897	0.06229191467897997	30.77910245625557	2.6236019636043246	0.08075701795882047	0.018687574403693993	0.5328183416291323	0.06540651041292897	0.032703255206464485	0.12458382935795995	0.21357227889935992	7.199832981270818	0.24716541860123842	0.6226966756659462	0.16841064075709944	0.6233640890375067	2.7254937383292273	1.7495129179839233	1.0322660146802396	0.028476303853247988	1.4607453992220805	3.256087368719825	0.2113475676608249	0.6117955905971247	0.09721988112397946	0.13192537644512545	1.8066879968142728	0.008676373830286497	0.14527364387633546	0.7399389579367407	0.04805376275235598	0.6451662591751498	0.46318487986298684	0.7007840401385247	1.0803197774325957	1.130375780299633	36.31262671986367	2.084331959383441	0.10456142821114496	0.045161638142260485	4.466775224730571	1.6031269184883203	0.04716387825694198	0.6785369277531748	0.2318149110553469	0.8627430183038727	0.6642987758265507	0.2547294368122574	0.5539530983952148	7.390490734413267	0.6547325175008503	0.05472789646796098	0.22135876823423242	0.7971140367670901	0.3670773543582749	0.08453902706432996	0.5483913202988773	0.3090123910325114	0.02691900598627349	0.09232551639920246	8.352900816203508	3.999808335762075	0.058287434449616975	0.44182765197305085	0.43849058511524835	8.291721257143795	0.04872117612391648	1.1063488989234551
READY_controls_all_reads_counts_umi1.tsv	A191R	early-receptive	0.09023189553553512	0.09750866130452988	44.74192200724123	4.884165184149288	0.03638382884497384	0.01600888469178849	1.004193676121278	0.1382585496109006	0.03783918199877279	0.3609275821421405	2.089887128855297	6.054269119803647	0.46134694975426827	0.48463260021505156	0.2139369136084462	1.8366556800942795	5.686064771892512	2.938358017520087	2.2485206226193832	0.04366059461396861	5.719537894429887	1.5441296961806898	0.26487427399140956	3.5830794646530237	0.10915148653492152	0.09896401445832885	3.794105671953872	0.007276765768994768	0.30853486860537815	1.0827827464264215	0.062580185613355	0.48026654075365466	0.08004442345894244	0.5093736038296337	3.032955972517019	1.0143811481978706	17.91394197011132	1.7959057917879087	0.17609773160967337	0.058214126151958145	7.257846177995382	1.8672180963240574	0.021830297306984305	0.8572030075875837	0.439516652447284	1.9356196945526083	1.1322647536555859	0.28379386499079595	0.25032074245342	17.519541265431805	2.762260285910414	0.2008387352242556	0.2794278055293991	0.7436854615912653	0.16008884691788489	0.502096838060639	0.4235077677554955	0.471534421830861	0.02037494415318535	14.697611500215633	9.644625350225665	0.940158137354124	0.07858907030514349	1.632906238562426	0.2634189208376106	9.715937654761815	0.0407498883063707	2.5454126659943697
READY_controls_all_reads_counts_umi1.tsv	A202R	pre-receptive	0.025752722228650098	0.07633842660635565	25.412418399200078	3.8868215763669753	0.025752722228650098	0.002759220238783939	2.259801375564046	0.07541868652676101	0.011956621034730403	0.17383087504338815	0.452512119160566	2.8392376257086736	0.028511942467434038	0.8415621728291014	0.22349683934149905	0.45711081955853927	3.6716023977418284	4.667680903942831	1.6408163019968491	0.01563558135310899	0.5168939247321913	1.2021002840302029	0.22073761910271514	0.9059439784007267	0.06530154565121989	0.04874622421851626	2.8935022904047574	0.005518440477567878	0.11220828971054686	0.6263429942039542	0.03311064286540727	0.5352887263240842	0.4736661409912429	0.3357051290520459	1.4522695856799466	1.3520179170041302	4.1397500982555036	0.1683124345658203	0.02207376191027151	0.04414752382054302	2.3729294053541876	2.498933796258654	0.02299350198986616	0.5196531449709751	0.13244257146162908	3.025025121786792	0.923419039913025	0.6484167561142257	0.032190902785812624	30.762546442202137	2.910977351917056	0.04690674405932697	0.24741008141095988	0.5168939247321913	0.19038619647609178	0.04046856350216444	0.6088679326916558	0.6337009148407113	0.01563558135310899	0.08277660716351817	3.5952639711354726	0.8250068513963978	0.061622585332841304	1.1901436629954725	0.1131280297901415	2.569753782387442	0.028511942467434038	0.9326164407089714
READY_controls_all_reads_counts_umi1.tsv	A215R	early-receptive	0.05485906442168539	0.19762892773029517	45.525527200326344	11.816165441088234	0.06439977127763066	0.013629581222778978	1.208603114929926	0.4075244785610914	0.020103632303598993	0.5543832162365349	2.4529838805696467	7.2175447365226075	0.43921325490405255	0.9636113924504737	0.7595084136393585	2.691160812437709	7.3211295538157275	12.554207264301716	3.997556172641074	0.02146659042587689	4.645302020253645	0.5271240537909769	0.3570950280368092	11.186138049065276	0.305984098451388	0.16151053748993088	7.439706910453905	0.005792572019681065	0.24976207590742477	1.506750204178216	0.03441469258751692	0.6457014104291541	1.1251219299404045	1.3275212110986725	2.341902793603998	1.6205572073884205	10.731250775755028	1.1697588084450057	0.1628734956122088	0.08995523607034125	5.729194466995144	7.0911303706813325	0.014651799814487401	1.379654359275802	0.22591030876756155	3.709631269309868	2.1742589445638165	0.5025908075899748	0.05792572019681066	71.93795191241915	8.717480150089434	1.6484978488951174	0.5622202254396328	1.3261582529763944	0.17002902575416776	1.70506061096965	0.8406044219148935	0.7618935903533448	0.02691842291498848	1.5779647660672362	6.526184228997144	0.8491229101791303	0.08211822686724334	4.535924630940844	0.3264284702855565	3.322551162582945	0.09881446386514758	0.13118471926924766
READY_controls_all_reads_counts_umi1.tsv	A218R	early-receptive	0.021735959580622757	0.05517589739696546	24.600090254592512	5.860349102314059	0.024243954916848463	0.020899961135214192	1.020754101843861	0.08192784765003963	0.011703978235719947	0.07941985231381393	0.2583235196312474	4.344683920788326	0.0777478554229968	0.8251304656182563	0.290091460556773	0.649570792082457	3.677557161352289	2.7880548154375733	0.7783145526753765	0.005851989117859974	1.0174101080622269	1.27238963391184	0.1780676688720249	1.7873646762835176	0.09195982899494244	0.07440386164136252	1.9453683824657368	8.359984454085677e-4	0.22153958803327042	0.5651349490961918	0.01755596735357992	0.47735511232829214	0.8368344438539762	0.6512427889732741	1.378561436478728	1.3192055468547197	16.141457983948623	0.23993155383225892	0.01839196579898849	0.021735959580622757	3.284637892010262	2.7679908527477677	0.011703978235719947	0.6570947780911341	0.16719968908171354	3.3247658173898738	1.0307860831887639	0.23324356626899037	0.059355889624008305	63.42803805159344	6.0417607649677185	0.01755596735357992	0.30179543879249293	0.8334904500723419	0.38623128177875826	0.2875834652205473	0.6286708309472429	0.2925994558929987	0.010867979790311379	0.051831903615331194	4.712523236768096	0.815934482718762	0.040963923825019816	3.2537059495301452	0.12372776992046801	3.7419290416487487	0.030095944034708437	0.22321158492408757
READY_controls_all_reads_counts_umi1.tsv	A230R	early-receptive	0.014898848901978918	0.06801648411772984	25.042373900069695	6.247152122203682	0.00971664058824712	0.001943328117649424	0.5823506592556108	0.09781418192168768	0.010364416627463595	0.2357904782747968	0.2519848792552087	3.8335386000830973	0.029797697803957836	1.01247394929535	0.6127961330987851	0.7851045595303673	3.670299038200546	2.8307812913759944	1.7004121029432462	0.006477760392164747	1.3136898075310106	0.8621899081971278	0.26753150419640404	3.0426040561997816	0.16323956188255162	0.05959539560791567	2.8826033745133124	0.0045344322745153225	0.18720727533356118	0.46898985239272767	0.007773312470597696	0.4864798054515725	0.9327974964717236	0.524050815726128	1.9083482115317345	1.368750770864411	5.072734163104213	0.2377338063924462	0.011659968705896544	0.04469654670593676	3.942364974671465	2.1694019553359736	0.009068864549030645	1.0163606055306489	0.31935358733372204	5.4367842971438725	1.4134473175703477	0.4910142377260878	0.03951433839220496	59.80397949254338	6.936385827930011	0.12955520784329494	0.2513371032159922	1.2139322974916735	0.19174170760807652	0.20340167631397305	0.8608943561186949	0.4625120920005629	0.005829984352948272	0.0563565154118333	3.706574496396668	1.2851876618054858	0.0459920987843697	6.200512247380096	0.12372522349034666	3.190296993141138	0.043400994627503804	0.2280171658041991
READY_controls_all_reads_counts_umi1.tsv	A240R	pre-receptive	0.03611392267207684	0.054170884008115254	57.09009275744147	12.81843621954994	0.06821518726947846	0.012037974224025612	1.5408607006752784	0.23072783929382423	0.03210126459740163	0.004012658074675204	0.22872151025648663	12.49942990261326	0.1986265746964226	1.5207974103019024	0.09028480668019209	0.8807784473912073	12.545575470472025	2.5881644581655068	0.07423417438149127	0.03410759363473923	4.315613759313182	1.2519493192986637	0.4855316270356997	6.961961759561479	0.2026392327710978	0.06219620015746566	6.488468106749805	0	0.4072847945795332	1.5308290554885904	0.06018987112012806	1.12956324802107	1.9641961275535122	1.3281898227174924	4.556373243793694	3.09576570461192	13.709246312127835	0.7945062987856903	0.13843670357629453	0.054170884008115254	7.447493386597179	5.3047339747206195	0.02206961941071362	1.6672594300275472	0.14846834876298254	16.594347467819308	1.7174176559609873	0.14646201972564493	0.13843670357629453	134.2093682946242	15.13574625767487	0.03210126459740163	0.7483607309269256	0.5838417498652422	0.8045379439723784	0.2628291038912259	0.4454050462889476	0.8506835118311432	0.03009493556006403	0.34107593634739236	9.8550882314023	6.721202275080967	0.05015822593344005	12.100170424183078	0.22671518121914902	2.188904979735324	0.17455062624837137	0.6179493434999814
READY_controls_all_reads_counts_umi1.tsv	A241R	early-receptive	0.029537444198208633	0.11009411019332309	38.68196839975404	6.014897727635212	0.012083499899267167	0.0026852221998371483	0.5263035511680811	0.20676210938746042	0.008055666599511445	0.23629955358566906	0.6444533279609156	2.150862982069556	0.11546455459299738	0.6914447164580657	0.3732458857773636	0.7424639382549716	3.6438465251790104	2.1763725929680087	3.008791474917525	0.018796555398860038	0.8659841594474803	0.5853784395644983	0.19467860948819327	4.872335681604506	0.06444533279609156	0.040278332997557224	5.052245568993595	0.0026852221998371483	0.36787544137768935	1.0351531580372206	0.024166999798534334	0.36787544137768935	1.2419152674246812	0.4940808847700353	1.564141931405139	1.213720434326391	28.452614429474423	0.36116238587809646	0.02550961089845291	0.0416209440974758	3.595512525581942	2.708046588535764	0.010740888799348593	0.4900530514702796	0.290003997582412	1.9951200944790013	1.2083499899267167	0.47125649607141956	0.12889066559218312	36.825137248566655	3.727088413373962	0.2134751648870533	0.21884560928672758	0.3799589412769565	0.21078994268721615	0.27389266438338916	0.6028323838634398	0.7169543273565187	0.0053704443996742965	0.31551360848086496	2.172344759668253	0.7975109933516331	0.052361832896824397	22.357160035844096	0.43097816307386233	2.6623978111385327	0.024166999798534334	0.9076051035449562
READY_controls_all_reads_counts_umi1.tsv	A287R	receptive HRT	0.03737459998615401	0.09038551221141325	56.45700289337035	13.271033982838643	0.10945418567373673	0.01296669795437996	0.792112695624917	0.26658005500328213	0.020594167339309348	0.2650545611262963	0.5346856038835501	10.416453565528819	0.299759546827725	0.75397534870027	0.23034957542486753	1.956445897234388	6.695773999560264	15.458592202436392	2.4053224705374827	0.028221636724238736	2.8065273601847687	0.8508442098888733	0.45726678962651685	12.33361799543082	0.3459057366065478	0.10525907751202557	5.046333745069283	0.0030509877539717555	0.13500620811325018	1.002630850648968	0.030128504070471084	0.6738869201585115	0.5236257732754025	0.7963078037866281	5.332363847004135	1.5613429830950458	28.546185546567482	0.4488765733030945	0.030509877539717553	0.03165399794745696	7.646156684922466	6.070321509996054	0.022501034685541696	1.2131490056730192	0.4435373447336439	14.923525225083596	2.7813567112145017	0.49731100389739613	0.16170235096050303	69.74710554967132	8.452761572378748	0.12737873872832078	0.5030316059360932	0.6178250201792804	0.08504628364196268	0.1311924734207855	0.698676195659532	1.304678638292172	0.018687299993077004	1.0003426098334893	13.281331066508297	0.46375013860370684	0.05606189997923101	5.496354438780117	0.10831006526599732	5.615724334654263	0.06140112854868158	1.0640319791976498
READY_controls_all_reads_counts_umi1.tsv	A288R	receptive HRT	0.10499469079131732	0.17152598000561742	64.4251580901099	14.647279141085752	0.02494923345536253	0.004158205575893755	0.5842278834130726	0.5509622388059225	0.0187119250915219	0.4199787631652693	1.6268979315684318	4.481506059419495	0.3243400349197129	0.8992119557870246	1.1279132624611812	2.8650036417907976	6.6115468656710705	7.656296016614377	4.414974770205195	0.014553719515628144	1.4636883627146018	0.32226093213176604	0.26612515685720034	25.886908812726574	0.1528140549140955	0.08940141988171574	7.8423757161356225	0.007276859757814072	0.36072433370878326	1.1435065333707828	0.02598878484933597	0.5447249304420819	0.28483708194872226	1.0312349828216514	3.760057392001928	1.9148536676990744	10.904894122781373	0.26404605406925347	0.02702833624330941	0.07172904618416728	4.424330732750955	7.934895790199258	0.01767237369754846	1.1580602528864108	0.19335655927905962	4.386906882567912	2.5396240554771112	0.476114538439835	0.02702833624330941	91.34746009123401	12.132604319064004	1.6944687721767053	0.29627214728243007	1.1850885891297203	0.14241854097436113	0.4823518468036756	0.7952568163896807	1.0915289636721108	0.023909682061389093	1.31191385919448	4.663427553364847	0.5665555097155242	0.15385360630806894	14.968500521823545	0.7152113590537259	2.4138383368063248	0.16736777442972364	0.22870130667415653
READY_controls_all_reads_counts_umi1.tsv	A291R76	receptive HRT	0.10052905618746444	0.1452086367152264	50.9438608067566	9.363418455602117	0.20715078244689641	0.022339790263880985	1.0591091475103576	0.37165287439002004	0.030463350359837705	0.5046761709613113	4.255730045269328	7.4005632474165735	1.9273146327657322	0.6661319278684512	0.20105811237492888	2.8412151435608632	9.6853145244044	10.54742733958781	4.283147060593182	0.11068350630741033	9.10752631257948	0.877344490363326	0.9088232857351582	11.062257960669065	0.24573769290269085	0.3117416186823392	6.400349910601902	0.004061780047978361	0.22542879266279903	2.133449970200634	0.0314787953718323	0.5838808818968894	0.6407458025685864	1.3962368914925616	3.325582414282283	1.374912546240675	14.800111049821153	8.024046484781252	0.3056489486103717	0.038586910455794425	4.293301510713127	5.7809284532852026	0.061942145731670006	0.8042324494997155	1.1464374185418924	9.567522903013028	2.8361379185008904	0.6691782629044349	0.34931308412613904	72.09354951657993	7.492968743508081	0.25386125299864754	3.3986944551458933	0.6153596772687216	0.10255994621145362	7.308157751325066	0.5564638665730355	0.7890007743197966	0.026401570311859347	4.7076030756069205	10.465176293616247	1.2154876793575244	0.1259151814873292	3.191543672698997	0.5595102016090192	6.756771109812004	0.17871832211104788	1.1261285183020004
READY_controls_all_reads_counts_umi1.tsv	A293R	receptive HRT	0.07342883517781071	0.17157628813825077	61.93467790888806	12.661021431896767	0.07342883517781071	0.0072701817007733375	1.6059831377008302	0.5539878455989283	0.02908072680309335	0.5954278812933363	7.143680539179882	8.441407972767923	1.5747213563875049	0.6986644614443177	0.23046475991451482	4.612203270970605	12.487264089248285	12.06050442341289	5.040416973146155	0.041440035694408024	11.305859562872618	0.7793634783229018	1.2235715802401528	21.3619748913823	0.3707792667394402	0.10323658015098139	7.99501881634044	0.0036350908503866687	0.5452636275580003	2.395524870404815	0.029807744973170684	0.524907118795835	0.5147288644147523	1.6132533194016037	6.5235340401039155	1.5012925212096941	3.976789390323016	1.2490172161928594	0.3380634490859602	0.03489687216371202	6.078598920016588	6.56352003945817	0.1766654153287921	1.7586569534170704	1.2970004154179635	6.820884471665545	3.949162699860077	0.9160428942974406	0.3424255581064242	101.29834970955523	12.615946305351972	0.24936723233652547	1.6190694647622224	0.6950293705939311	0.11777694355252807	4.46098349159452	0.5125478099045203	1.5558188839654943	0.010178254381082674	10.97506629548743	11.22879563684442	1.1465076542119554	0.15340083388631742	15.419328369170172	0.23046475991451482	6.5315312399747665	0.12068501623283741	0.9015025308958938
READY_controls_all_reads_counts_umi1.tsv	A295R	receptive HRT	0.05265250765674187	0.13435467471030685	53.63474926509695	13.22848864782832	0.0290496593968231	0	0.7498443331804963	0.6518017327162183	0.021787244547617324	0.4938442097459927	3.05566104780333	2.525504763811308	0.48295058747218406	0.969532382368971	0.6717733735515342	3.2590086635810915	7.6200887805291595	5.612031074723763	4.9239172677615155	0.025418451972220212	3.8472642663667593	0.5573903396765433	0.44119170208925085	22.079556745297857	0.07988656334126353	0.10167380788888085	7.480287294681949	0.0018156037123014438	0.3304398756388628	1.762951204644702	0.027234055684521658	0.5029222283074999	0.14706390069641695	1.2091920723927616	2.90496593968231	1.3399155396784654	11.391097690979258	0.9767947972181767	0.050836903944440424	0.0744397522043592	6.056853984237616	7.583776706283131	0.010893622273808662	0.6481705252916155	0.1579575229702256	3.8926543591742955	2.0770506468728516	0.4938442097459927	0.0018156037123014438	118.42275213486167	14.521198490986947	0.7552911443174006	0.45753213549996385	1.01855368260111	0.13435467471030685	3.444200242235839	0.6427237141547111	1.8864122570812	0.01815603712301444	4.121420426924278	4.353817702098862	0.6245676770316967	0.03812767795833032	1.3362843322538627	0.4684257577737725	2.7488240204243857	0.14706390069641695	0.14343269327181407
READY_controls_all_reads_counts_umi1.tsv	A296R	early-receptive	0.03635956794067552	0.0720922467789256	48.13411250698135	7.574701024606592	0.025702453199443042	0.0037613346145526404	0.7391022517595938	0.25765142109685585	0.01191089294608336	0.25890519930170675	0.663875559468541	4.4863318615076615	0.27927909513053356	0.7193552450331925	0.19997762367371538	1.3393485673319527	5.8328896535175065	4.087316947813869	4.423329506713905	0.01629911666306144	2.639516565762315	1.4170828160327071	0.28899587621812783	6.427807411719249	0.12130304131932265	0.048897349989184324	5.657674149389596	0.0037613346145526404	0.16706594579637976	1.0663383632256735	0.014105004804572401	0.47768949604818534	0.3946266899768145	0.8102541648848812	2.2988023385940886	1.315526781439786	8.752625648063994	0.3708049040846478	0.02758312050671936	0.0329116778773356	7.041218398442543	2.646412345888995	0.012851226599721521	0.7284451370183613	0.4482257082341896	5.417575623160653	1.3678720214923101	0.45856937842420936	0.08149558331530721	74.61610230529043	6.961916926985724	0.09685436632473049	0.24636741725319794	0.4526139319511677	0.09121236440290152	0.6124706530696549	0.5159297312961372	1.0788761452741824	0.01128400384365792	0.5939774245481044	4.636785246089767	0.8190306123188374	0.0830628060713708	15.354708230257515	0.3156386630712091	3.430023723920795	0.057987241974353204	0.8644800722446818
READY_controls_all_reads_counts_umi1.tsv	A298R	post-receptive	0.14480981140635632	0.4547536182761014	47.624644291641324	24.443642113092235	0.5576448000648283	0.010162092028516232	3.433516844134922	0.5195369549578924	0.04318889112119399	1.1203706461439147	1.656421000648146	13.817904635774948	4.329051204147915	0.9272908976021063	0.49286146338303727	12.781371248866291	13.20182780654615	7.907377859689194	6.250956859041048	1.5192327582631768	13.011288581011472	0.3645650515230198	1.4874762206740635	9.57523121386942	0.5119153859365052	5.885121546014464	6.471982360661276	0.001270261503564529	1.4760438671419829	2.9711416568374336	0.04064836811406493	0.763427163642282	4.8778041736877915	7.151572265068299	3.2620315411537106	1.7097719837978562	206.43654825178945	108.63784483085279	1.572583741412887	0.06605359818535551	14.926842928386781	8.241456635126665	0.3810784510693587	2.9470066882697075	3.8145952952042808	1.9574729769929393	5.92068886811427	1.6996098917693399	0.17910687200259862	34.430438054116564	6.27128104309808	2.151822987038312	4.575481935839433	1.9079327783539226	0.2222957631237926	184.34034939728446	0.7443732410888141	1.0644791399870754	0.01651339954633888	2.13149880298128	34.92202925599604	0.4141052501620365	1.7402582598834049	25.801551660402716	1.6487994316267587	12.62385882242429	2.0997422653921665	0.10670196629942044
READY_controls_all_reads_counts_umi1.tsv	A299R	receptive HRT	0.10825559897993255	0.2011506062127125	57.57040068320311	16.94931580785809	0.027063899744983137	0	1.1791082807814275	0.5156770086544084	0.015726320122084796	0.6853749746229513	6.623706598397156	3.494900350852147	0.3532936101845096	0.9355331830765792	1.0481775225556982	1.8001150614163108	9.739346624444607	2.9243640859579076	4.410318473307455	0.011337579622898341	7.1265831139289375	0.8744565444629011	0.936996096576308	8.992529282833045	0.13897678247423773	0.08192315598481381	6.853384017854581	0.00402301212425425	0.30355455119372976	1.5313047058411404	0.021577974121000067	0.4268050135458827	0.09326073560771216	0.7340168484889346	4.6187836470188115	1.4577933024797674	7.054900352442226	1.131929320415173	0.07058557636191548	0.064368193988068	2.5703390190235336	10.821171157494067	0.011703307997830545	0.8097226220999009	0.34268748731147564	4.76617218211649	3.011407439191772	0.7182905283668497	0.06765974936245785	93.37594004581581	9.490285601115776	1.9643271017608706	0.23040887620728887	1.0324512024336134	0.12654201772654278	1.1999547981525631	0.8890856794601892	0.5694390797694425	0.013897678247423773	2.0195520863756333	3.9034189456514192	1.0734127804260203	0.11557016647857664	4.394226424810437	0.8594616810906807	2.194370249593227	0.2011506062127125	0.1857900144655599
READY_controls_all_reads_counts_umi1.tsv	A462R	receptive HRT	0.024809837365085463	0.07414758212519859	97.04537043335213	15.091711297193463	0.04623651508947745	0.0014096498502889467	1.3552373660677934	0.24499714398021893	0.010149478922080415	0.16267359272334445	1.2576895964277983	6.100118762140387	0.38483440912888245	0.887233615771863	0.4197937254160483	2.522427442107041	6.627327806148454	4.269829396525219	2.9472959069841296	0.01635193826335178	2.945604327163783	0.6456196314323376	0.5999469762829757	11.562793861980113	0.11784672748415594	0.09529232987953279	7.051914341055484	0.001691579820346736	0.18043518083698518	1.1023461829259562	0.022554397604623147	0.5830311780795083	0.9540510186755591	2.1313905736368874	4.5486581369123735	1.5317255273239694	23.950796746319376	1.4423537268156503	0.04849195484993977	0.031012296706356825	5.1852560093028615	7.618593580871641	0.019171237963929676	0.7623386390362623	0.666482449216614	7.074750668630165	2.823810580098818	0.6636631495160361	0.02142667772439199	101.66563878265919	9.298614272446008	0.03016650679618346	0.5398958926606666	0.6272941833785812	0.11841058742427152	2.045965792709377	0.8581948288559107	1.6436517254369118	0.0070482492514447334	6.380921012317946	7.589836723925747	0.9069687136759083	0.07499337203537196	11.112833629767882	0.31858086616530196	3.409661057878904	0.1189744473643871	0.23879468463894757
READY_controls_all_reads_counts_umi1.tsv	A499R	post-receptive	0.015918385159485585	0.09105316311225756	77.89566267483315	27.81705969849787	3.297652669639034	0.003183677031897117	3.9108288659824186	0.69977221161098635	0.011461237314829622	0.08341233823570447	2.016541032003634	23.12559322429428	6.574929806273927	0.9652908760712059	0.12288993343122873	19.463091166799835	22.1532982587529	7.9744742294958995	1.386172979688005	2.3240842332848954	16.667185997387787	0.3884085978914483	2.393488392580253	12.231050421142346	0.7252416278661633	7.382310301563035	8.473674788097368	0	1.9248511334849971	3.028313592740538	0.024832680848797514	0.8232988804485946	18.204902003794096	17.351676559245668	4.662813380916518	1.598205870012353	67.2303446179778	157.79704187976148	1.4129158667559407	0.02928982869345348	13.54017841665844	10.157839937970943	1.8758225071937815	3.23588933522023	2.833472558388434	2.6367213178171927	7.967470140025726	1.2365401591888403	0.4017800414254162	54.05055844133012	12.232323891955105	0.012097972721209046	17.13837019810856	0.6602946164154622	0.27315948933677264	396.90455841876894	0.815021320165662	0.7800008728147937	0.009551031095691352	0.2852574620579817	45.4762794590248	0.8474948258910125	2.154712615187969	35.53556629462924	4.47242949440907	12.750626512747955	1.5415364188445841	0.15727364537571759
READY_controls_all_reads_counts_umi1.tsv	A516R	early-receptive	0.06603336881276947	0.0819610155615782	46.426435664985945	6.500470829357558	0.04612381037675858	0.026546077914681197	0.9320991607792435	0.13339404152127302	0.023891470123213077	0.3308304960117144	1.1388267425398233	6.989250488961625	0.5574676362083051	0.6905298517556446	0.5096846959618789	2.1127359760346898	5.879292606154018	2.2434754097644944	1.8379840696177394	0.027873381810415255	8.126418101631781	1.177982207463978	0.33315327782924903	5.968553793142133	0.2060639298127128	0.13737595320847518	6.263878909942962	0.006304693504736784	0.23294183370132748	0.8186146776939813	0.04413285453315749	0.62117822320354	0.4127915115732926	1.161059082793369	2.63668918887571	1.2931258204189078	25.8243564213758	1.897049092977905	0.15562638177481852	0.04944207011609373	4.122274074176056	5.3131974946234415	0.02820520778434877	0.7980414673101035	0.49840261284813947	6.533653426750909	2.1684827396555204	0.6059142284025983	0.17653141813262996	34.63533150723242	3.9002824976145347	0.20772305968238036	0.6633201218930964	1.073457025674921	0.23294183370132748	0.4904387894737351	0.6115552699594681	0.886639002350352	0.03185529349761743	1.433156381418851	8.063702992558348	1.2715571321132293	0.06238328309950081	6.707862063066004	0.3414489271775869	6.979959361691487	0.1307394337298049	0.5561403323125711
READY_controls_all_reads_counts_umi1.tsv	A517R	early-receptive	0.013093924071062867	0.07543238867025347	40.08505598989598	6.788914980322812	0.018786934536742374	2.8465052328397535e-4	0.9265374532893398	0.2607398793281214	0.004839058895827581	0.1423252616419877	1.2857664136737168	3.6674373419907385	0.2288590207203162	0.8052763303703663	0.38740936218949046	1.097897068306293	5.162137239754893	1.8081001238998116	1.9825908946728883	0.008254865175235285	1.7619867391278075	0.34158062794077043	0.4067655977728008	8.836975495351014	0.06746217401830217	0.043266879539164256	4.042322081155734	5.693010465679507e-4	0.28578912537711126	0.901203556717066	0.013378574594346842	0.3245015965437319	1.6017284945189294	0.7346830005959404	1.6222233321953756	1.4650962433426211	4.0198346898163	0.49927701784009276	0.03273481017765717	0.02590319761884176	2.977444473550382	2.692793950266407	0.004839058895827581	0.6057363135482996	0.13890945536257998	4.038336973829758	1.6133991659735722	0.3839935559100828	0.0196408861065943	115.75968225546411	12.405069804715646	0.01707903139703852	0.25817802461856565	0.5044007272592044	0.05522220151709122	0.9797671011434432	0.658681310879119	1.5354049225937632	0.007400913605383359	0.6720598854734658	3.547030170641617	0.7363909037356443	0.049529191051411715	8.51304319985385	0.16452800245813776	2.260979106444616	0.04924454052812774	0.24650735316392267
READY_controls_all_reads_counts_umi1.tsv	A529R	early-receptive	0.07090988475403356	0.0830863296107868	42.003004664101375	3.049841305885605	0.0558683940486325	0.007162614621619551	2.075725717345346	0.2958159838728875	0.03079924287296407	0.36959091447556885	2.2576561287344825	4.519609826241937	0.15757752167563013	0.6847459578268291	0.2327849752026354	1.2018867335077608	6.177755111146864	4.08842042602044	4.920716245052632	0.012892706318915193	0.4963691932782349	1.9861930345751015	0.45410976701067957	2.461074383988478	0.10815548078645523	0.09956034324051177	6.675556827349422	0.009311399008105417	0.15256369144049645	2.0771582402696698	0.034380550183773846	0.5178570371430936	0.3079924287296407	0.9612228822213438	2.1315941113939787	1.6037094137806176	13.078934299077302	0.3173038277377461	0.021487843864858653	0.04870577942701295	5.18000289435526	4.671457256220272	0.02363662825134452	0.6854622192889911	0.09884408177834982	0.46055612017013714	1.451861983802283	0.4748813494133763	0.015757752167563012	61.75248196029296	5.356919475509263	0.10600669639996936	0.39251128126475143	1.086568638099686	0.23350123666479738	0.4834764869593197	0.7141126777754693	0.3581307310809776	0.01790653655404888	1.5621662489752242	4.98231473079856	2.428126356729028	0.07305866914051942	5.753012064084824	0.398957634424209	3.658663548723267	0.0766399764513292	1.3831008834347354
READY_controls_all_reads_counts_umi1.tsv	A530R	receptive HRT	0.17028139270885675	0.17830189309007102	61.725770933825004	7.894023259818197	0.21346870245385668	0.01480707762685711	2.446252616270352	0.3442645548244278	0.035166809363785634	0.8045178843925697	5.972804937733486	9.763416810208907	6.436143075140557	0.681125570835427	0.19372593228471385	4.824639460084275	13.235059552139115	14.559059076607253	7.4232815835976975	0.13202977550614256	6.678608971280342	1.437520452940711	0.67927468613207	10.002180936941977	0.29675851410492793	0.6206633371924272	6.620614583908486	0.003084807838928565	0.6743389935897842	3.7548281015438487	0.060462233642999866	0.5885813356675701	0.4954201389319275	3.4241367012107067	5.010344891987775	1.6047170378106392	7.994587995367268	12.804420377824686	0.7298655346904984	0.05676046423628559	10.123105404227978	7.447343084741341	0.030848078389285646	1.1000424753619262	0.8470882325697838	0.5096102549909989	5.753166619601773	0.973565353965855	0.13017889080278544	33.150578960261925	3.5709735543437064	0.378197441052642	3.5487629379034207	0.8908925038825695	0.25727297376664227	62.89059437380443	0.6650845700729985	1.6553078863690678	0.02467846271142852	4.278628472593919	17.573533296808247	0.8674479643067123	0.3541359399089992	10.651841467820333	1.3054906774345685	6.144320253577915	0.9334628520597836	1.1117647451498547
READY_controls_all_reads_counts_umi1.tsv	A575R	early-receptive	0.012263594218270989	0.04758274556689144	35.023108184191386	4.262825350270996	0.017414303789944803	0.01177305044954015	0.6332920054315139	0.15378547149711821	0.01005614725898221	0.20774528605751055	0.7780024172071116	7.158750488973507	0.07088357458160632	0.7453812565865108	0.12312648595144073	0.7493056067363575	6.416067223115016	5.035431786022068	2.1826744989678706	0.005641253340404655	0.8562441483196804	1.7240160752045357	0.2916282705104841	2.8427011397952153	0.13440899263225004	0.07284574965652968	3.5618383047546263	0.004169622034212136	0.08216608126241563	1.0115012511229913	0.019621750749233582	0.4706767460972406	1.124816861699815	0.5933126882799504	2.575600057721273	1.2400946473515624	15.205385199349834	0.3916991993315754	0.025508275974003656	0.029187354239484955	6.463895240566273	2.168939273443407	0.007112884646597174	1.2430379099639475	0.2229521428881666	2.736988957633719	1.2143410994931934	0.3696247297386876	0.20725474228877971	61.826174435760095	5.715815993251742	0.029187354239484955	0.3056087679193131	0.5881619787082767	0.13244681755732668	0.06377068993500914	0.5665780528841197	0.5474468459036169	0.003679078265481297	0.14495568365996309	7.519790702759405	1.389955768698834	0.027715722933292435	9.997036734850145	0.12361702972017156	4.37074497939178	0.038998229614101744	0.5530880992440216
READY_controls_all_reads_counts_umi1.tsv	A579R	receptive HRT	0.10693698550113484	0.18678795822731117	49.70353697484819	6.318779837358175	0.10623345270178526	0.005276495995121784	2.6231220423748765	0.505488316332667	0.05557909114861613	1.3124404371866252	10.808374396407464	7.522876223444966	4.810053749153019	0.8474052568165586	0.8301687032324941	5.582884529238523	15.906876593293807	3.3319313377195696	7.20417586533961	0.052061427151868275	6.708888774597512	1.1829904021063042	1.4091761970971912	13.484613165133233	0.33488161249039594	0.30568500131738874	12.773341504990817	0.009497692791219212	2.57633711121813	4.006619292295809	0.04326726715999864	0.6905174425616042	0.20191391341332696	3.871189228421016	6.732105356976048	1.8334064751049828	17.43670866547945	6.123197719138994	0.34121340768454206	0.09040396471641991	11.086269852150545	6.724014729783527	0.042211967960974275	1.0556509654240318	0.5610674074812831	1.2712837684246754	6.040532615215419	1.229423566863376	0.2501059101687726	20.697583190464712	2.3737196650054537	0.41789848281364533	1.158718520528744	2.228440141939767	0.2578447709616179	32.08426154793752	1.028916719048748	0.6556925689938005	0.0513578943525187	5.021465355357565	16.628701245426466	2.2404001995287097	0.3992548636308817	8.9443642445307745	0.8248922072373723	5.307451438293166	1.5273697073879193	0.6145359002318506
READY_controls_all_reads_counts_umi1.tsv	A632R	late-receptive	0.04002633626625554	0.1852647564323828	76.7339174512347	24.94669998034567	0.8233989174772569	0.06175491881079427	2.916204499398618	0.6244108457535865	0.01944136332932412	0.14066398173569805	2.2574853654168128	19.351018170323144	9.287253623378893	0.8760049594271928	0.13265871448244695	17.982117470017204	23.172961478946746	10.521208389987171	1.6033406698654364	2.185437960137553	11.67511048406294	0.19670085250845581	2.743519448649916	14.403763007813959	0.5489326116515046	6.201794902054394	8.333483210634403	0	1.8080467896271433	3.5612003180891363	0.04460077469668475	0.6175491881079427	5.642569803934425	12.155426519258006	4.430343619870685	1.518713558902496	89.70816844953953	93.51753205247945	2.2449056597331323	0.022872192152146024	16.172927070782453	14.0812650984687	2.5342388904577797	3.672130450027044	3.389658876948041	12.815289262847418	7.475776004928928	1.3940601116733002	0.40598141070059196	64.3280404279107	19.491682152058843	0.01944136332932412	9.36501907669619	0.8233989174772569	0.12922788565962504	189.70424892911436	0.6495702571209471	1.2636886164060679	0.02630302097496793	1.841211468247755	45.44704580631415	0.3945453146245189	1.723419678664203	37.800871969851734	2.0104656901736355	7.330537584762801	2.5754088363316425	0.3533753687506561
READY_controls_all_reads_counts_umi1.tsv	A727R	receptive HRT	0.11351707628475229	0.11526349284297924	56.591755361065466	12.781149581383993	0.145825782611951	0.015717749024042625	1.081031849542487	0.46542001276748435	0.053265705025922226	0.34579047852893774	5.925591382064069	7.463311161582906	3.396780205751434	0.6365688354737262	0.1746416558226958	5.664502106609139	15.377197795188367	8.334773024138158	4.367787812125623	0.09343328586514227	13.673568442637968	1.146522470475998	1.5944783176612127	11.340355920846752	0.18861298828851147	0.3178478135973064	11.006790358225404	0.004366041395567396	0.6479205431022015	4.466460347665445	0.06811024577085137	0.7090451226401451	0.6802292494294002	4.2638760269111184	7.072113852540067	1.5377197795188366	22.876310496214924	13.965220007861872	1.4914397407258222	0.04628003879301439	10.52652580471299	8.725097124901882	0.20695036214989454	1.2783769206221334	1.520255613936567	7.54975878121514	4.232440528863033	1.1395368042430902	1.5377197795188366	95.96558987457135	13.388902543646974	0.15717749024042624	2.417913724865224	0.769296493898975	0.24100548503532024	29.191352770763608	0.523051759188974	1.0618212674019907	0.04366041395567395	7.177772054312798	11.28709021582083	0.8112104912964221	0.21917527805748324	13.6237955707285	0.3562689778782995	8.048360708588937	0.1336008667043623	1.308939210391105
READY_controls_all_reads_counts_umi1.tsv	A752R	late-receptive	0.04973044022058151	0.05425138933154347	146.93988800448548	40.66895121917677	0.07384216881237861	0.004520949110961956	1.5506855450599508	2.5468013325085685	0.037674575924682964	0.04822345718359419	8.428556125870074	8.957507171852622	1.0970836509267679	1.4030012074351936	0.15823321888366845	7.363119118720038	27.986181979891494	1.8415332711985033	0.6359468416086484	0.034660609850708325	11.196883964815777	0.21549857428918656	5.245807951752856	29.615230642874785	0.2908477261385525	0.18385193051245288	26.599757585863163	0.0015069830369873185	1.0744789053719581	5.256356833011767	0.05123742325756883	1.0141995838924653	3.823215964836827	1.561234426318862	17.328797942317177	2.8029884487964125	14.943243794766252	1.437661817285902	0.1205586429589855	0.04520949110961956	13.635182518661258	10.172135499664401	0.04671647414660688	2.563378145915429	0.860487314119759	9.977734687893037	9.019293476369102	1.3683405975844853	0.3993505048016394	245.41520153945882	29.981427520862702	0.034660609850708325	0.827333687306038	0.780617213159431	0.16727511710559237	0.5952582996099909	0.8092498908621901	0.5560767406483206	0.03918155896167028	28.091670792480606	12.845523407279904	2.2996561144426484	0.17179606621655433	1.9093475078629327	1.43314086817494	2.7487370594648692	0.37373179317285504	0.7022540952360905
READY_controls_all_reads_counts_umi1.tsv	A899R	late-receptive	0.03981567097190614	0.08626728710579663	96.41364725847072	17.080922846947733	1.2674655259390122	0.013271890323968713	13.225438707834822	0.6204608726455374	0.0464516161338905	0.0464516161338905	3.7294011810352083	19.048480587476096	18.374932153534683	0.8825807065439194	0.08626728710579663	10.843134394682439	30.65806664836773	3.4739172922988106	0.9987097468786457	0.520921695215772	12.727742820685997	1.506359551770449	2.5647928051069537	19.151337737486852	0.2919815871273117	1.3835945662737383	14.04497793533989	0.006635945161984356	1.8348388372886746	6.025438207081796	0.092903232267781	0.9091244871918569	2.773825077709461	8.620092765417679	8.265069699251516	2.1135485340920175	15.096775243514411	26.042766788207608	2.286083108303611	0.05308756129587485	14.82138351929206	11.981198989962756	0.11612904033472624	1.7286637146969248	2.2595393276556734	4.084424247201372	11.695853347997428	0.6536405984554592	0.5541014210256938	63.19410577757703	8.951890023516897	0.04313364355289832	14.290507906333312	0.7896774742761384	0.3948387371380692	63.06470484691833	0.6835023516843888	0.7166820774943106	0.05972350645785921	10.385254178505518	34.15520974873348	1.1148387872133718	0.9356682678397943	16.40405644042533	5.6670971683346405	9.47281171873267	0.5076498048918033	0.9953917742976535
READY_controls_all_reads_counts_umi1.tsv	E464	menstrual blood	0.10025077818209598	0.10025077818209598	56.040185003791656	32.287016248271286	0.14724333045495347	0.009398510454571497	11.450518570486276	1.2719317481853427	0.059523899545619485	1.3690496895492483	5.714294356379471	5.178579260468895	3.8909833281926	1.4442377731858203	0.31954935545543095	33.590276364638534	29.17610928780812	2.302635061370017	3.9191788595563146	2.07080513682392	12.095882955033519	6.112164632289664	1.0369689868210552	18.436744675051088	0.04072687863647649	1.9611558481872526	4.511285018194319	0	5.228704649559943	9.680465768208643	0.05012538909104799	1.738724434095727	62.52515721744599	19.223086716416905	10.015679307755027	2.083336484096682	557.3066072615443	134.22012780173557	3.991234106374696	0.04385971545466699	3.947374390920029	19.461182314599384	74.03833252429607	1.2343377063670569	13.878467104583912	0.16604035136409648	0.6954897736382909	2.5438634963706854	7.343369501838531	0.8208032463659108	0.15664184090952496	0.5733091377288614	13.480596828673718	1.7230602500047747	0.14411049363676298	347.3720792377808	1.1278212545485797	0.10651645181847698	0.03759404181828599	32.03638930281605	55.3634922510625	0.28195531363714493	0.8615301250023873	132.82914825445897	9.53322243775369	4.542613386376224	0.3132836818190499	0.13471198318219146
READY_controls_all_reads_counts_umi1.tsv	POLYYP	polyp	0.14169364589518582	0.19170316797583964	27.844885148490707	4.277897867982595	0.1792007874556762	0	0.68763092860899	0.24171269005649346	0.10418650433469545	0.24171269005649346	1.1439678175949561	2.9172221213714726	0.3250618935242498	0.7980686232037671	0.28755475196375946	3.0380784663997193	5.000952208065382	0.38965752621176103	1.0710372645606694	0.13127499546171628	4.407089133357617	0.6147003755747031	0.33548054395771937	1.694072560482148	0.15627975650204318	0.3729876855182097	1.6669840693551272	0.002083730086693909	0.5376023623670285	2.796365776343226	0.18753570780245182	1.104376945947772	0.5230162517601712	2.1837491308552166	2.61716498888755	1.285661463490142	0.26046626083673863	2.1420745291213388	0.20003808832261527	0.09793531407461373	9.720600854427087	0.8314083045908698	0.14377737598187973	0.33131308378433155	1.1356328972481804	0.07918174329436854	0.6667936277420509	0.19170316797583964	8.574549306745435	0.4063273669053123	0.05626071234073555	0.17503332728228838	2.283768175016524	1.24190313166957	0.550104742887192	0.1354424556351041	0.6959658489557656	0.5459372827138042	0.09793531407461373	0.17086586710890056	7.2430457813480285	8.605805258045844	0.19587062814922745	1.7211610516091689	0.1812845175423701	6.824216033922553	0.8376594948509515	1.537792803980105
READY_controls_all_reads_counts_umi1.tsv	R327	late-receptive	0.18944453073688644	0.4509313478103353	102.76165087703812	41.61642740708757	0.029350561100080996	0.0026682328272800903	0.9872461460936335	2.094562769414871	0.06403758785472217	1.4221680969402883	14.451148992548971	6.382412922853977	1.415497514872088	0.8725121345205896	1.0833025278757167	14.691289947004178	20.40130819738357	13.138378441527166	14.799353376509021	0.5976841533107403	11.49207878709535	0.384225527128333	1.801057158414061	61.74957820532949	0.29350561100080996	0.29884207665537016	14.998136722141389	0.004002349240920136	0.7764557527385063	5.048296509213931	0.03468702675464118	0.5963500368971002	0.9152038597570711	3.2018793927361084	8.166126567890718	2.0772192560375506	17.96387750966321	11.421370617172428	0.23213625597336787	0.05336465654560181	10.846366442893569	5.564599561292629	0.1093975459184837	1.6729819827046168	1.798388925586781	3.567427290073481	8.25284413477732	2.336037840283719	0.0413576088228414	263.9922876982649	38.78409826092975	4.4679558692805115	1.4515186580403692	1.5489091562360926	0.0973904981957233	22.246391197447753	0.5856771055879799	2.0825557216921107	0.005336465654560181	32.60980749860363	9.501577097944402	0.3455361511327717	0.5803406399334197	27.75362375295386	0.6870699530246233	3.8289141071469297	2.1919532676105944	0.10139284743664344
READY_controls_all_reads_counts_umi1.tsv	R336	post-receptive	0.025552117105541203	0.08441324400937719	120.55215077711067	22.81302140938828	0.19802890756794433	0.008669468303665766	5.631047807133643	0.8267935034864404	0.01870780002369981	0.18388398559880545	6.5710006863731945	16.704696557747564	9.727599724518445	0.9107504596903615	0.13551747822045962	9.30553350447156	27.530581029998825	8.338203356904643	2.8691377207079123	0.11133422453128668	25.465878710310005	0.3499727467848233	2.970433613519165	44.40182263673786	0.4581129566779173	0.5270124153017873	14.796500955330183	9.125756109121859e-4	1.1156236843401472	5.4809291191385885	0.04471620493469711	0.65751072766223	0.8016976741863553	7.113070599255033	9.232527455598584	1.792298499831533	96.96389638625249	21.92782306680346	1.114254820923779	0.019164087829155903	15.266477394949957	6.23517286155751	0.13141088797135478	2.7044178229382627	1.522632406806982	1.850703338929913	9.854904022240696	1.6426360996419347	0.14144921969138882	168.30084446686897	22.051933349887516	0.01551378538550716	7.446160697237981	0.7994162351590749	0.22221216125711726	167.17153214836515	0.7204784448151708	1.3186717577681086	0.00912575610912186	37.04418177375836	24.051386513396114	0.47590818109070493	1.2588980552533604	26.107419364781272	1.1644464795239493	6.668646276740798	1.5326707385270162	0.2664720783863583