sample	group	ABCC3	ACADSB	ANXA2	ANXA4	AOX1	APOD	AQP3	ARG2	ARID5B	BCL6	C10orf10	C1R	C4BPA	CD55	CEBPD	CFD	CLDN4	COMP	CP	CRABP2	DDX52	DEFB1	DKK1	DPP4	DYNLT3	EDN3	EDNRB	EFNA1	ENPEP	G0S2	GADD45A	GBP2	GNLY	GPX3	HABP2	ID4	IDO1	IGFBP1	IL15	LAMB3	MAOA	MAP3K5	MMP7	MT1G	MT1H	NDRG1	NNMT	OLFM1	PAEP	PRUNE2	S100P	SERPING1	SFRP4	SLC1A1	SPP1	TCN1	TSPAN8
NOT12009_LH7	receptive	0.8508551513960426	1.0375939882535898	53.066122849857145	19.853286865907663	0.5812772816468014	0.1038998039658534	4.967533870691748	0.8213700718922193	2.180491831877977	0.7272986277609738	3.4848555870709204	10.218686125182176	4.608096711026092	13.689501198203656	10.301525158073868	1.2496057504001286	3.8386765411167993	0.4605288608216204	16.567806578338782	0.5700448704072497	4.040859943428731	18.58823655005315	0.6613082117286074	4.213558266236838	7.9441228491729525	0.05756610760270255	1.3605258113907017	3.858333260786015	0.0954754955361896	1.0446142452783098	2.9737808756713173	5.654115007709346	16.61694837751182	31.70207667222978	1.6188712699003913	19.971227183922956	8.76128076685034	1.2804948813088959	2.994841646745477	3.5564622087230626	7.124156828685677	2.8726891745153518	1.0024927031299908	65.97777956972185	20.945638858954066	1.03057373122887	6.652395556624505	0.06458636462742237	61.533956873074196	0.9659873666014477	14.613367022656785	20.882456545731586	0.5812772816468014	1.359121759985758	21.469350032998165	0.9056131561888573	3.33602613814686
NOT12010_LH7	receptive	1.2147464903678578	1.1514443372309882	37.3679158465541	12.193304393881137	2.356368079698297	0.26303136044802666	4.6341541761922045	0.6384786135356664	1.9929264073779946	0.7072378488395075	1.6262104857575093	9.13406413107691	4.724741740163932	12.121270909277113	9.08822464087435	0.8534876509143439	1.7833744521662889	0.4791318142600984	9.77363416104597	0.6941408516387758	3.1814789033443893	3.6507879697039387	0.6908666023385929	5.938396814098395	5.025972675780759	0.08949614753833272	2.7056213383844736	2.9086247949958137	0.10477597760585296	3.1476449939091657	3.4652471760269075	4.199770435701272	50.70502466263246	24.63654315100957	0.9331610505521278	17.244379647629966	11.542820199578134	1.440669692080478	2.2057526118898836	3.322271623252254	6.5233960223977405	2.7547350778872173	2.0289431496800066	10.1894638221692	1.6185705707237492	1.0466683596251352	6.731856561176052	0.08294764893796693	69.17069929923065	0.9811833736214771	0.6799524380046499	22.739661389770273	1.5945594091890747	1.6163877378569607	16.305761514910866	2.7820204887220745	2.7405466642530913
NOT12012_LH7	receptive	1.3454443133415026	1.2936037170389179	36.635628847510375	10.778021649886231	3.310564591788321	0.11573714523367763	6.107545601602197	0.5726577498541342	3.1779491128747317	0.7522914440189047	3.118874944995042	10.06189806375285	7.473485034412163	19.72112730971353	9.617033411760902	0.4111079846321258	2.3099205236221496	0.781225730327324	9.174579950294655	0.737824300864695	4.079734369487137	7.680847419622502	0.8089544213728926	5.041799389242082	4.225611396292084	0.039784643674076685	3.138164469200655	2.3340324288791656	0.14587702680494785	1.7312347974537614	3.247873638120079	13.949942786446707	14.233257673216649	24.249343116981166	1.670955034311221	19.882677074935536	28.35560058225102	1.4503311012095228	3.480553523850285	3.0151937523898726	5.33717022864053	3.724083766946148	1.6347871764256967	14.258575173736515	3.7976250779800473	1.2815477644104096	7.307112888138752	0.04701821525118154	72.02708338375872	0.851150255572671	0.07474690629675014	29.05243464417879	1.9819986121267295	1.3599114564957122	11.834123100143538	0.6220871556310174	3.971230795830564
NOTNV01_LH7	receptive	1.2895446021970423	1.2478926447617373	61.55159661959629	21.64402316168188	1.2345640183824396	0.21992233525841032	11.02277401567911	0.5664666211201478	1.687737315278558	0.6730956321545285	3.7869959700179288	11.062759894817003	10.19639918016266	27.48529367240905	11.667546316777631	1.6327567314639553	17.063973922095744	2.8823154545231047	17.95365973291386	1.1179385375635857	3.47710540669926	13.641849099211088	0.9213412984689462	5.226487618982069	8.548647744021995	0.029989409353419587	2.9123048638765243	3.7470100908800363	0.03165548765083179	4.065231045685766	3.2655134629279106	4.994902735641773	26.508971790125504	49.36756603062088	2.617409005234565	20.036257604679108	13.860105356172086	1.0496293273696855	1.3495234209038813	6.247793615295747	8.701926947383917	2.2691986410754152	3.2921707156865057	36.60040803755119	8.15878542242754	1.7827037782310533	7.9405291654665415	0.06997528849131238	83.20228409446781	0.9096787503870608	11.540924366174304	26.743888830060623	0.4648358449780036	1.4394916489641403	26.414005327173008	4.520070420879296	3.302167185470979
NOTNV02_LH7	receptive	1.3291057223815304	0.5132190413156404	42.443379210085936	11.401851874613339	0.38738168022382474	0.2763487145545756	2.9345601593176363	0.5132190413156404	1.3488449162782856	0.8693469978696025	3.557989699890161	9.800509769739056	4.796624116911563	18.099195870499972	8.483741043542999	1.2649533422170753	9.80791196745034	0.22124346492613345	6.971225311204115	0.8931985238281819	2.608040993608807	7.803561320517302	0.8915535910034522	2.0956444187055316	7.315016271572605	0.023029059546214634	1.9023648117998018	3.4880800548391524	0.0978735030714122	1.5421245231840157	1.9673396583766216	4.645290297036437	15.779018121218849	31.14269070419347	1.9755643225002697	13.48022449865921	7.8339925777748	0.4720957206974	2.6072185271964425	5.288459031505718	6.021276604922762	2.4229860508267254	0.5370705672742199	20.671870808377093	4.158390180916471	0.8800390612303449	4.034197752649385	0.05510524962844216	42.99607663919509	0.5888859512532028	9.229718079557879	18.015304296438764	0.3437909603684899	1.2254749544235644	7.419469505942936	5.757264886553658	1.8653538232433853
NOTNV03_LH7	receptive	1.0690942727566577	1.4712195048958097	47.45077739241993	14.996476935122935	2.2511723720660077	0.16522366033511982	7.032939482941241	0.45072042635536363	2.5366691380862516	0.8564902980607314	2.282759248306545	12.396634044555608	8.035215363650607	22.622277787501957	15.223659468083724	0.6536053622080475	5.707505560694066	0.36324907676618257	14.314929336240565	0.5381917759445447	4.361418680905001	19.711425653950876	0.8990110929999167	2.3592966791970786	5.383132639300853	0.012148798554052929	1.6850383594471412	2.92421581196054	0.08747134958918108	6.647822568777762	3.6725818028902	5.894597058426481	34.37016598927114	34.16363641385224	2.092023111007914	12.170666391450224	7.294138651853379	9.29383089385049	3.1708364226078145	6.423069795527783	4.532716740517148	2.8233807839619005	6.561566099043986	31.481181693117353	11.223060104234095	1.4748641444620254	20.18036927813732	0.03887615537296937	60.69296781633762	1.0350776368053094	11.71994596509486	23.28803194826406	0.36446395662158787	0.6074399277026464	52.34795808955867	3.0444889176456638	0.4264228292472578
NOTNV04_LH7	receptive	0.5170358366808805	0.6786095356436557	74.76217018131311	18.098273955067853	0.19994745246643428	0.117140931748012	5.408679572778898	0.8159471797620146	1.191606029850467	0.7533373714139392	4.2150538716913974	14.565868961494182	6.854764178495737	17.76502820095713	14.101344576976203	2.4195661419675583	14.913252414264148	0.23832120597009337	13.56613169916201	0.7997898098657371	2.5791201696932986	21.673092044619253	0.8018094811027717	2.556903786085917	7.957504673916677	0.04645243845179786	2.0398679494050365	3.7565885008845226	0.06260980834807538	1.0461897007839691	1.9752384698199263	5.372325490512274	57.62525973507376	37.15387207649015	1.1572716188208771	20.31789264456898	10.750709994735653	0.6059013711104069	2.484195621552668	3.4819132126478047	7.375839357650686	2.011592552086551	1.086583125524663	94.62765646878631	14.996058934982571	1.1855470161393629	5.832810532556183	0.060590137111040686	61.64642516800983	1.4299272358205601	17.14498913118748	28.620761100018587	0.7452586864658005	0.7270816453324882	24.353195776164288	2.193362963419673	2.8194610469004266
NOTNV05_LH7	receptive	1.453458965241831	0.8612108727504012	64.5868406368674	16.853234309823236	0.4239807373540437	0.1868165123966255	9.311676944138185	1.9860847665428485	3.0460366099279574	1.6058270427284405	11.517701718183444	8.204027267800745	6.682996372543114	27.191739602240744	12.359038493870374	1.3289146236440808	28.3802106066363	1.1805213655701654	13.666754080646752	0.939382321200053	6.32658756520487	25.83765112231627	0.5021521858036955	2.542559484320031	16.328558147347607	0.04769783295232991	6.667097094892337	5.770112847427688	0.09009590668773429	1.593902584490358	3.3269238484250114	8.794950420487943	17.776717353372515	29.428237991783327	1.3355393226652377	19.871447183862337	10.386203125369839	0.4412049548090517	2.2974456205372245	6.690946011368502	8.392168720001603	4.417349307307442	2.19807513521987	58.545115129572274	11.002300134337434	1.7595200600192813	4.274255808450453	0.06359711060310655	72.51660536519225	1.850940906511247	21.714438451548194	22.243089433436516	0.5962229119041239	1.854915725923941	25.20035507648097	12.784344171028648	2.1729012789394737
NOTNV07_LH7	receptive	1.6632227284661623	1.6383675942923217	41.23984574735433	13.49944474816714	3.488003829062288	0.1770928309886138	4.971026834768106	0.715620738088492	2.3394895041127404	0.7798298347042467	1.228257880423953	9.224361670266568	5.789175001323691	15.559313992824174	8.613339621826322	1.0004191504970814	10.900011965819651	1.5358401658252296	11.761656617179456	0.5250647094223813	4.989668185398487	5.948662112272501	1.2344716639674131	8.304721705834469	8.169054098468921	0.04246085421364425	2.7247440838072685	2.962939119639907	0.09217112256132531	4.1300947952198355	3.8960422817495037	5.305535515524377	13.08312125075531	28.303784040460908	2.03294284930204	18.493255455927933	12.834569909016905	1.3949944055068	1.9925532562695494	6.331845430785876	8.518061607493266	3.4403648218957605	3.976821467814485	19.98870602872067	4.427320774715345	1.2634693205035605	7.690592765622491	0.10977684260112902	62.60904735331373	2.543508730456348	1.6860066014588495	22.68548808658237	0.6897299733240748	1.5140919234231192	16.216939417840372	6.934582434501508	3.7334482790289636
NOTNV08_LH7	receptive	1.079648357530078	1.0011554042391395	50.165883147621855	17.383967655264822	1.0648383663431085	0.10070794007139273	3.8535597068494694	0.6012856421909625	1.7149969794510704	0.7864105320280815	2.4466105440873647	10.84535654621778	9.081486595849709	19.229292557161227	11.009747448393142	1.1699893037705922	6.343119225379046	0.7286515663989004	14.1390985861998	0.7790055364345968	4.238619477710676	10.722433619365933	0.6190576316153259	4.451883350803038	6.189095317034562	0.04294897444221161	2.2422326657071854	3.120465143094478	0.07849295329093846	3.5351448963296246	3.022719201260479	4.807323139290307	24.030691699976742	38.77255692748621	1.8912358745760078	15.828918580633022	11.268922294165108	3.9616726425143467	2.630254434805787	5.814402540004234	5.884009498582991	2.83759431142336	5.373064802632542	32.32132476644228	7.258376680733762	1.1033443434292292	10.196678932228515	0.05923996474787808	72.30978197037868	1.3343802059459537	4.87841109698776	23.89147778281923	0.8885994712181712	0.48576771093260024	34.043726741486836	1.666124008534071	3.1648951166553867
NOTNV10_LH7	receptive	1.5347953526724019	1.2415426580807902	56.96752345370959	15.062669655355005	3.0616218821222057	0.17690787554167872	7.791915347056461	1.0311657250041995	3.0281528245872935	0.9865403149576498	4.016286904189463	8.859737658884612	8.032573808378926	18.55460799149751	11.159540040926435	0.8701954959077169	4.196382309020181	0.5610051548709091	9.022301652625615	1.2574803045259866	6.4069338709689045	10.565065828520614	0.7060377375221952	5.261017091559292	11.414542384049577	0.05418799791366735	4.127850429305837	4.923138986921131	0.07171940900338326	3.2209983465741683	3.21302952335157	6.68584268375984	40.70634278567582	24.953573039243818	1.3260121842403305	19.18573879072728	13.11190173046298	0.5370986852031147	2.709399895683368	4.1676945454188274	9.407992696599365	4.0242557274120605	8.329014032259577	14.383725916789643	1.7977665190181404	1.0168218432035228	10.090123964453765	0.08606329080405992	91.62712317807794	1.3722313589313997	8.488390496711538	22.661739480424593	0.6948813850105579	1.7897976957955424	19.644743008348936	8.250919564678114	4.720730877067139
NOTNV12_LH7	receptive	0.388755621576576	1.0622685455818541	45.13031820926544	14.912616120668337	0.7317024597189695	0.1881874346485336	4.213170000716842	1.0263643639712787	1.3532162241503107	0.47542088753313755	2.9292859893317797	9.328896842609874	6.15571003337177	16.408210996033	10.751445279525432	1.4175961360037563	2.077490232501575	1.177409541781286	18.14275439039218	0.5447531002983867	6.347611693704157	13.243690713390553	0.7094171056158537	6.475133442183097	6.576655610875069	0.028475730242870218	2.219868883715926	4.465737347218821	0.06809413753729834	2.2966295478488803	4.761637326699081	5.953903771215777	25.15645055673391	39.06498766753408	3.5359428510277104	24.954644294577918	10.285928993815903	3.950698052391255	2.680432868513653	4.835921840376133	8.46719648395606	3.9742214817223216	0.8864618632128294	47.08276284374398	12.263135132853456	0.6834175258288852	10.83068209411429	0.059427610941642194	79.66766476818316	1.1637907142738262	3.6758453517861596	25.859677286210008	0.5385627241586324	1.5191183046957286	33.272033675951924	2.8512872499708743	6.039330961944388
NOTNV14_LH7	receptive	0.7682007795652336	0.5256823676742692	57.7518984651634	13.184059587212149	0.9632993902484676	0.18832435336784387	1.5431758164458573	0.803426917605262	1.7369195756660132	0.5852958320497018	3.552420536190551	8.868857677308675	5.949152774375557	14.026777197246673	10.739907547819412	1.0513647353485385	2.64602490739136	0.3820681125879998	13.990196207743566	0.6300059303312763	4.167523100427969	13.001154639696617	0.42948791379573026	3.365451034285785	6.457222073029812	0.013548514630780134	1.8642756131953464	3.6987444942029764	0.0609683158385106	1.4104003730642118	2.4617651084127505	5.17688744042109	40.944966065680646	36.53898910775094	2.724606292249885	18.99230780942759	9.257700047212065	0.707232463726723	2.727315995176041	4.308427652588082	7.698266013209272	2.6839607483575447	0.6733611771497726	29.85144228599787	5.85837772634933	0.7898784029744819	7.274197505265854	0.054194058523120536	63.864988266571395	1.4984657181642829	2.1460847175155733	23.502608330014297	0.39290692429262386	1.4578201742719423	24.024226143299334	5.5806331764183374	1.0825263189993326
NOTNV17_LH7	receptive	0.9072126685805277	0.8187406893305259	49.098949433606975	15.688031303618978	2.1143303515678413	0.14695345705932517	6.983288260462013	0.6567919815508614	2.406737740614458	0.665789131983065	4.0622134201399165	12.429563322089248	5.98610408755945	18.148751946826657	13.129841530729092	1.2371081844279923	5.758176276610292	0.47085087261865405	13.965076995851991	0.8097435388983223	4.629033897368743	9.144103889262906	1.3180825383178245	5.384794533673843	6.26501575095776	0.03898765187288218	3.153501226487355	3.607857323313636	0.06747862824152685	3.715823128500079	2.9780567930593853	5.683200023008595	44.55988704056027	42.04068491954327	1.7859343607924107	21.1912883179835	12.886918469059596	2.750128982110228	4.126692998237376	6.026591264504365	6.259017650669624	3.889768036856015	2.0228593221737716	28.45198871677179	6.651893219542514	1.2835934616610443	10.067811333635808	0.055482427665255414	87.37882547248914	1.0391708749195137	3.520884869135668	27.60925562628872	2.1383227527203843	1.2970891873093495	15.283159534169815	3.4339124149577	2.742631356750058
NOTNV20_LH7	receptive	2.9721385502190656	1.0966980107995967	54.01144552167844	15.409662763296259	1.9810116956119557	0.38005616229295197	4.587998246765244	0.9339942289029408	2.7212518025616266	1.4693020914789614	3.767027255668377	10.624184353770952	7.866914156743653	19.528179868405502	12.394053736997934	1.586051370091829	19.487193419530772	1.1265063372539459	7.0981077369418974	0.6508151275866236	3.8365800173951916	7.269505614054405	0.5067415497239359	5.036365157182746	8.511519216318954	0.07576282973813749	4.159503553983974	4.4600708457319955	0.08445692495398933	1.5823253292850354	4.169439662802091	5.53441261169083	15.978504993133422	37.17719315658474	1.0880039155837449	14.987378138526312	12.285998553600919	0.49307940009902596	2.1002450014293523	4.303577131846662	9.095265609383292	3.3211443724554037	2.4765751229155106	22.85056625446317	3.2553176515353828	1.3649729488887392	8.326459189581536	0.14904163227174588	78.22325868422355	1.9338151787259028	7.394948987883124	26.335656422417497	0.798614746256105	1.6965905806933739	18.024101396063134	4.164471608393033	2.4467667964611612
NOTNV22_LH7	receptive	0.8111725192315751	0.42537095520680157	54.12668755938773	17.51086879058963	1.900743969279562	0.1483852169326052	1.6520220818496714	0.8168252894004363	1.1630574622431817	0.7051830785654285	4.865621922847235	10.83212083608018	5.8110477335892625	13.14127745005996	12.214223142366732	1.5898416099921986	7.297726287999746	0.33210024742059263	11.973980410190132	0.6811588053477686	4.143480533775223	22.694459035435305	1.317095449344648	2.402427321765989	5.225986021112134	0.014131925422152877	1.444282778144024	4.933455164873569	0.07348601219519496	3.7350678890750055	2.5112431475165664	6.695706265016033	56.639343899446516	45.71536554812234	2.6850658302090467	17.149091499782514	10.645579420507762	2.0561951489232437	2.8419302023949435	7.5379690201763445	8.1809716268843	2.82497189188836	8.949748369849416	51.37237529461014	7.171952151742585	1.0358701334438059	11.400224238050725	0.06642004948411852	60.17515164006917	0.40417306707357226	5.258489449583085	25.423333834453025	0.5921276751882055	0.6967039233121368	26.818154873619513	2.11130965806964	3.590922249769046
NOTNV25_LH7	receptive	0.541216303569218	0.513960806267171	52.529130585987915	6.669809554058061	1.7034685813779342	0.2647676880770275	1.8144373918219827	0.49254577267270555	0.9052718746751308	0.6113018680601958	3.8352378346451776	13.014499961727418	5.785952712977395	5.034479715935244	12.521954189054712	2.203801638994082	2.1356628957389643	0.28423590043563246	9.893745520643042	1.2634869820734622	2.8404121831204643	8.225319721510598	1.2167632724128101	1.639223480594538	5.180491308624781	0.04283006718893092	1.5048928153201637	3.977355784862994	0.03893642471720993	2.1862802478713372	2.1784929629278955	7.17792989661765	31.18028891354171	19.485733749727707	1.3627748651023475	16.843897332665016	9.188996233261543	0.42440702941758823	2.579538137515158	2.412111511231155	7.5419854677235625	2.225216672588547	23.6947612616581	11.418106548321811	1.4133922172347204	0.8449204163634554	15.578463529355691	0.07787284943441986	82.48097529970165	1.4017112898195574	2.972796027158978	34.62421567977893	0.5957272981733119	0.5275885549181946	17.032738992543482	2.1278756107955226	1.043496182421226
NOTNV75_LH7	receptive	1.4220278410925005	1.3840717907095226	42.091494477030345	12.840620114446063	2.979991304486829	0.15005880383968037	8.461551138865742	0.6267161807421945	2.5130436148915885	0.7997251545808849	1.4705762776288678	8.62661582308939	3.5272645890786047	11.551879799117042	9.101507802299674	0.8385639038099786	3.310120672934126	0.6982147872775717	7.732441891974118	0.6161237945888053	3.7832472544521774	5.383580262460063	0.7467632238139389	6.972438185468443	6.160355247041937	0.061788919228103686	3.663200211380433	3.000293377947492	0.08915258345769246	2.9411525552577356	4.034816425595171	4.140740287129063	36.99920483378849	25.243421601218703	0.9859746111113117	14.84522919397497	10.609157431465404	0.7750095868896434	2.878480937183516	3.661434813688201	6.6979188443264395	2.685169889884163	2.166142968368092	25.08718390545621	4.140740287129063	0.8994701241919665	6.046487095893004	0.08738718576546092	54.57373885995341	1.1413296080276867	4.7400928036416685	22.29785555173039	0.6796781115091406	1.4820513626283727	17.41211743847962	10.725673679152685	2.3877003787431494
NOTNV11_LH7	receptive	1.9020211486903011	0.9132720594901842	74.99397671978902	18.49187227893348	0.7887349604687954	0.132084801992382	3.490812624084382	1.1547985545619686	3.0756889606797526	1.3208480199238202	3.071915109194256	10.830953763375325	4.664480436073833	18.563575457157917	10.672452000984467	0.6075900891649573	16.050190367817162	0.6868409703603865	8.864777139431581	0.9736536832581303	5.022996327196013	10.495080981166126	0.5585300198535011	7.151448565016112	9.540296555335479	0.1169893960503955	4.5814557033929075	4.4833355647699955	0.05660777228244943	0.6151377921359505	4.0833073073073525	6.106091703533546	5.072056396507469	55.8605496883211	0.8642119901787281	25.096112378552583	16.665328159953113	0.2603957524992674	1.8831518912628178	2.65301759430413	9.264805396894225	3.713469861728683	0.6868409703603865	41.84446527118662	7.5514768224787545	1.1623462575329617	6.781611119437442	0.07925088119542921	154.3656211627541	1.1963109209024314	5.343773703463227	24.14510180420743	1.2340494357573977	1.5095405941986517	11.623462575329617	3.8983885845180177	3.0907843666217394
NOTNV13_LH7	receptive	1.5395883985222634	1.2264517750940065	37.84882367377342	13.528545920845461	2.794222469724813	0.037576394811390836	4.932945607739808	0.6659372191574264	2.3756631830757096	0.7337834875668822	1.0531828434637043	11.147663794045949	3.8505366794227998	11.015102623461319	8.039260912148118	1.2139263101568762	7.928619305203466	1.7786160210724995	9.821008299454899	0.7233456001192736	3.1637236853701562	5.745013251163755	0.5960033732584491	9.526659873432338	3.833836059506626	0.021919563639977987	2.5332752835345986	3.2211320663320033	0.08141552209134681	1.8850824730381068	4.134447217997753	3.4309336040289353	36.05559461027427	43.75771175786463	1.0323070685684872	14.642268511505296	12.458662457465584	3.025943571061723	2.523881184831751	3.3672624905985233	6.604051388101939	2.554151058429816	3.2941972784652633	37.39164420356816	9.802220102049203	0.7964108122525335	7.350360340605952	0.08454688832562939	68.2084631038877	1.6136973994002841	2.9278274290542026	23.771244873183747	0.39768351175388633	1.1450362530026597	15.652656016433804	3.4883419849907824	1.2984731984825055
NOTNV42_LH7	receptive	1.3735159309844904	1.5733183215297488	46.636287630335225	14.56047370697155	3.7631123606212498	0.05923789468427261	3.2922212994869473	0.9799353425737299	3.4729470798796434	0.8544313284121354	5.544265329602599	10.82647827763579	4.322358247725315	15.352655044359533	13.706042378559413	1.0652780722036141	9.335490589396047	1.2239151461038698	7.520200528562743	0.8484071357323789	5.694870146596513	7.644700510611045	1.7490239413559812	8.85255114290223	5.0773903969214675	0.03514112396524646	4.593446918314359	3.971951040186143	0.0983951471026901	4.259104224587872	4.524168702497159	4.7982694694260815	35.133091708340125	38.248603355887546	1.6345642804406069	20.467194629472832	13.619695616816237	3.2530640470685297	3.836406704891621	5.375587934569416	6.934849806513066	4.180789719751036	3.584394644455139	29.588826378737522	6.671793392830364	1.2419877241431392	8.882672106301014	0.07128628004378568	62.315253111514906	1.0231087234453184	0.8765200349045761	21.287488866033016	0.740975699610054	1.1656812835328898	27.266500100691378	4.248059871341651	2.6486367148662904
NOTI12011_LH8	receptive	0.775297393981084	0.602200977688872	32.6192196248139	9.798129917179327	0.375284667255384	0.037819385072248	4.388503260114316	0.426195377929564	0.9163927921352399	0.914938200401692	3.736846163484812	6.935493385556864	4.129585931542772	6.477296989489244	8.157350441737185	2.478624313965792	10.995258913889332	2.6706304227941278	11.936379765494888	0.609473936356612	4.33468336597304	9.097016701609192	0.820389737721072	1.26549480818676	1.44731877488026	0.033455609871604	1.037123906019724	3.12009926846046	0.052365302407728	3.495383935715844	2.88736459109278	4.177587458749856	27.33032408163337	42.287890877707454	1.754237630658888	11.569822648640791	7.889705562764352	0.702567807303684	1.630597333307308	5.818366934192	4.651784363886504	2.331710548877444	0.41455864406118	22.58980962200044	7.137681636520036	2.987731420707592	6.867127574080108	0.061092852809016	83.64484304594419	1.057488190289396	4.71287721669552	22.185433120074094	0.292372938443148	1.248039707384184	14.100812265014312	1.496774893820892	0.82184432945462
NV06_LH8	receptive	1.2047862448057123	0.8250863245677418	26.199294496419963	11.615292918672093	0.37168937339750696	0.02723585925757594	2.5217201453779134	0.48063281042781075	1.265666400793235	0.6873049189117694	1.5957009306203316	5.791625365655119	5.115535212319999	10.750153859902033	6.442081769100756	2.228534131016949	8.314947620401126	1.6021093680927023	8.23484215199649	0.5399108570472407	3.250679907860093	7.911216059641765	0.44058007622549317	3.6111545156809512	4.2215581849242705	0.017623203049019726	1.0589942923092763	2.4255935832923514	0.05767593725133729	2.976719205916241	3.042405690008042	3.861083577103413	16.421621022950198	41.087696854105445	1.5844861650436828	14.43019907841097	8.617746290970647	0.5575340600962605	1.1919693698609706	4.123829513470616	4.73102896397775	1.9561755384411896	0.7177449969055307	22.600956855683755	6.946746220049958	3.1946060799768485	5.105922556111443	0.07369703093226432	89.15738633435889	1.001318355057939	3.04721201811232	21.046910768633833	0.25633749889483237	1.3105254630998306	11.464694638071379	1.9529713197050043	2.206104599863651
NV09_LH8	receptive	1.4099753017461485	0.8592394059263401	37.11640008259472	14.38997483808022	1.576795718322273	0.025137323045717395	3.9808378859672455	0.7678309584873677	1.7824647250599608	0.9186548967616721	3.715753388394226	5.930123027603331	2.5731477954070714	13.583295289431291	7.079584254148408	1.7230492342246286	13.498742475550241	10.790767220170686	7.516059590669501	0.6284330761429349	4.970334329494121	8.350161673550124	0.5096020944722708	6.969894117221641	5.706172331377848	0.07312675795117787	1.8258837375934727	3.338693542708465	0.045704223719486174	1.4168309353040713	3.768313245671635	3.7820245127874808	34.32158680214814	49.51367076650534	0.9095140520177748	9.609313037021968	7.212126502934918	0.806679548648931	1.2774330529596385	3.672334375860714	5.930123027603331	3.2244329834097494	1.451109103093686	43.5675512606002	14.241436110991891	4.531573781787054	3.6906160653485083	0.0525598572774091	125.3826821408524	0.9323661638775179	2.072686545678698	18.587907786715025	0.9072288408318006	1.8487358494532156	20.38179856770486	2.1343872477000043	5.249130094182987
NV15_LH8	receptive	0.978304900118649	0.7253255136503546	29.69588798081671	10.508374514836845	0.969459467025352	0.017690866186594014	3.7310036787526775	0.40512083567300294	1.4948781927671941	0.7907817185407524	2.5510229041068566	6.828674348025289	5.611542754387621	8.560610147692843	6.421784425733627	3.2887320240878273	8.27224902885136	5.482399431225485	9.878579678594097	0.4864988201313354	2.7951568574818544	6.0308162830099	0.4157353553849593	4.10605004190847	4.028210230687457	0.05130351194112264	1.2896641450027035	1.9672243199492543	0.033612645754528624	2.2803526514519685	2.80754046381247	3.5859385760226066	25.18117892999792	40.816366465709706	1.613406996217374	11.13993843769825	6.913590505720941	0.5395714186911175	1.1923643809764366	3.6372420879637293	3.6425493478197075	2.066293170594181	4.282958703774411	23.597846406297755	6.053814409052472	3.874299694864089	4.974671571670236	0.06722529150905725	101.55441734414293	1.2065170739257118	1.9884533593731673	21.183043171827673	0.806703498108687	1.4435746808260714	16.263213285335876	1.4878018462925566	1.4577273737753467
NV18_LH8	receptive	0.5995221259081208	0.41278572603509955	35.11872846559332	6.749538032252491	0.501239810185478	0.09582525782957668	2.50619905092739	0.30221812084712646	0.8182002783910008	0.8869978993968508	1.7273116988254464	7.651278279007738	3.452166339757827	6.250755279960079	8.329426257493973	5.707745485592477	7.538253615926699	1.673256425177993	6.803593305899945	0.857513204680058	2.6904783929073455	7.336774868695281	0.8624273204661901	2.277692666872246	3.248230534633343	0.0393129262890571	1.3145259727903469	2.8624724454219703	0.06634056311278386	2.358775577343426	3.0909788294771143	3.9091791078681153	40.90018568797778	42.81177672878318	1.2432712938914308	10.604661866473153	7.658649452686936	0.3857580892113728	1.7101122935739839	3.0270953242573966	4.248253097111233	1.8452504776926177	3.5799333501972623	18.477075355856837	5.577521417259976	2.538140803537249	7.00015793734523	0.07371173679198206	87.02407645661403	1.498805314770302	2.6020243087569668	26.953925086934774	0.8648843783592562	1.0221360835154847	9.879829788018663	4.376020107550668	0.498782752292412
NV21_LH8	receptive	0.8777696193389682	0.9907498673726969	33.33351856410508	8.78638698169997	1.1450113598802878	0.019554273698145334	2.791915744679639	0.4823387512209182	1.0972120241737104	0.8538699514856796	2.5985457047757574	7.5305680708635245	4.232413907109679	10.759195928135076	6.833132308963008	4.308458304824688	11.137245219632552	8.0085614279293	11.69345567149091	0.5192746015396372	4.188959965558245	4.427956644091132	0.8386610719426776	5.890181777296888	4.586563530753867	0.015208879543001926	1.8467925159359482	2.331303964234438	0.03476315324114726	10.594070950239628	2.9440045401096584	3.9543086811805006	46.51961712788775	50.851975100565724	1.8098566656172292	13.044873253740509	7.37196118420079	2.930968357644228	1.831583636392946	7.795637114327272	5.073247676129928	2.344340146699868	2.3660671174755854	25.15114136997004	8.277975865548191	3.2568729192799837	7.802155205559988	0.060835518172007705	125.53843714209303	0.6583272145042262	2.0053994025986825	29.26622963489085	0.58662821094436	1.6729767497302117	25.057715395634457	2.0640622236931185	1.6773221438853552
NV24_LH8	receptive	0.9559276779278695	0.6408573446198048	27.23107880733987	6.695780416696556	0.660147365026421	0.0257200272088216	2.7606162537468517	0.43938379815070233	1.1638312311991774	1.0973878275763882	3.360750221952689	7.9346283939214635	5.69912936235472	8.892699407450069	7.698861477840599	5.834159505201033	8.022505153551604	3.3778969067585702	9.447823328040467	0.6387140090190697	3.002813176629922	5.011118634518741	0.8723375894991993	3.4164769475718026	3.022103197036538	0.042866712014702664	1.658941754968993	2.132618922731458	0.0450100476154378	3.924447484946029	3.2707301267218134	3.309310167535046	55.74601563952008	49.564635766999956	1.6182183785550257	11.58687225757413	7.2744810288950426	0.6322840022168643	2.027595478295436	3.1121232922674134	4.305961221876883	2.1819156415483656	2.475552618849079	7.2766243644957775	1.3610181064668097	4.344541262690115	6.307836672963497	0.0514400544176432	99.43362518930431	1.2002679364116746	0.5101138729749617	30.619692392102113	0.5036838661727563	1.0073677323455126	5.919892929230438	2.9642331358166896	0.7458807890558264
NV40_LH8	receptive	0.5741928781794341	0.43006349175382713	45.82617088077402	11.156079442846575	0.33010278826509976	0.032545345321911244	5.009658512051337	0.8996463313985464	1.0205290425942168	1.0158797075482295	8.322309732317304	6.622977773008938	2.4409008991433434	11.035196731650904	9.507890169044071	2.0759280980333386	12.939099432982713	1.697007291785372	7.515650101838504	0.5323488627655482	4.254141567078398	18.943715644875336	0.5602448730414721	0.950789016904407	7.408715395780795	0.01859734018394928	0.7648156150649142	3.8542987531234885	0.04416868293687955	0.7136729295590537	2.1572914613381164	5.3188392926094945	39.0869597316154	28.353969777953672	1.046100385347147	11.202572793306448	4.556348345067574	0.41146615156987787	1.42269652407212	3.3754172433867944	4.379673613320056	1.922500041515757	1.122814413605938	49.77578100234025	11.232793471105365	3.0406651200757073	4.463361644147827	0.046493350459873205	45.326367363330384	2.043382752711427	12.290517194067482	16.823618863905118	0.33475212331108706	0.6067382235013453	9.440474810877253	0.7322702697430029	2.0503567552804083
NV47_LH8	receptive	1.0282892297072255	0.8746368160728124	33.70897566810353	12.898360304981109	0.6905916173239002	0.025327320928749394	3.669084558544829	0.3917292303646573	1.436903340691049	0.6872146412000669	2.8214635514626827	6.9852751121490835	3.304371137170838	12.770035212275445	7.209844024383995	1.6884880619166263	10.156255692428507	3.226700686322673	10.176517549171507	0.4558917767174891	3.115260474236176	9.563596382695772	0.39510620648849054	2.890691562001264	4.817256440648135	0.011819416433416384	1.2545466300040533	2.3419329418783605	0.05065464185749879	3.250339519189506	2.968362012849429	3.6032335241300806	37.19401502789945	53.77665628398263	0.7783929965435648	14.017827890031832	8.69909049499446	1.102582704431557	1.482492518362798	5.13469219628846	4.293825141453981	1.9366958070183704	0.7750160204197315	27.32649079405868	9.154982271711948	3.290863232675505	5.198854742641292	0.04221220154791566	82.36444766029304	1.369363818214384	5.955297394379941	20.402001252138596	0.361336445250158	1.4115760197622995	11.260526884921982	1.8168131546222899	2.250754586534863
NV48_LH8	receptive	1.6073746799436102	1.1750594520440847	28.629933132218355	12.249566281276422	1.3102769902857865	0.01523577895681147	2.5139035278738926	0.4970672884659742	1.870191866948608	1.3445574929386122	3.262361169127256	7.231281587376644	4.686906501589128	12.796149851352034	7.389352794053563	5.313477911188	12.689499398654354	7.3626901808791425	8.560603301358444	0.6170490477508646	3.645160115417144	5.4353641428424915	0.575150655619633	5.5896264047802084	5.043042834704597	0.05332522634884015	1.7502101076637175	3.1385704651031627	0.05522969871844158	9.933727879841078	4.17079448942714	3.205226998039213	33.3435022469819	66.64891504657177	1.133161059912853	15.142459810701	9.044339283237209	4.877353738549272	1.00937035588876	8.143523852415731	4.641199164718694	2.454864884416248	1.6207059865308202	24.413431305920778	8.564412246097648	5.5553459021273826	5.879106204959626	0.1295041211328975	109.9832793444828	0.9636630190183255	1.159823673087273	22.891757882609234	0.4361241726387283	2.1253911644752	14.188319153530681	3.184277801973597	2.8129056899013176
NOTI12011_LH2	pre-receptive	0.037263848357953634	0.1845447728203418	11.461295073524882	1.1746984577602526	0.0070978758777054535	0.0070978758777054535	0.26971928335280726	0.023068096602542724	0.2040639314840318	0.2661703454139545	0.20938733839231088	2.163077673730737	0.0017744689694263634	0.34602144903814086	1.435545396265928	0.05678300702164363	0.6050939185743899	0.0017744689694263634	0.2235830901477218	3.4797336490450985	0.2377788419031327	0.26971928335280726	0.06388088289934908	0.08162557259361272	0.3548937938852727	1.3734389823360054	0.09049791744074454	0.2377788419031327	0.02129362763311636	0.0532340690827909	0.24132777984198542	0.35134485594641995	2.012247811329496	0.10291920022672908	0.030165972480248177	1.494102872256998	1.1676005818825472	0.00532340690827909	0.42942149060117996	0.07630216568533363	0.18631924178976816	0.3336001662521563	1.220834650965338	0.0532340690827909	0.008872344847131817	1.5704050379423315	0.1934171176674736	0.8020599741807163	0.06210641392992272	0.12066388992099271	0.0070978758777054535	1.9945031216352325	7.238058926290137	0.03548937938852727	0.3921576422432263	0.023068096602542724	0.0017744689694263634
NOTNV02_LH2	pre-receptive	0.06054859349289394	0.13571236472545192	11.527199471526464	1.5199784849250615	0.004175765068475444	0	0.0856031839037466	0.02296670787661494	0.26933684691666615	0.10856989178036154	0.1691184852732555	2.5326015140303566	0.037581885616278995	0.40504921164211805	0.8727348993113678	0.14823965993087826	0.7015285315038746	0.002087882534237722	0.2380186089031003	5.1842123325122635	0.31944602773837144	1.5158027198565862	0.037581885616278995	0.043845533218992164	1.0564685623242873	1.4009691804735114	0.1712063678074932	0.3612036784231259	0.012527295205426331	0.1043941267118861	0.35702791335465045	0.36746732602583904	1.0522927972558118	0.4948281606143401	0.01043941267118861	2.756004945193793	0.5720798143811359	0.002087882534237722	0.24428225650581348	0.11065777431459926	0.2359307263688626	0.2192276660949608	3.286327108890174	0.6869133537642105	0.058460710958656216	0.5553767541072341	0.19417307568410813	0.578343461983849	0.7474619472571045	0.06054859349289394	0.1336244821912142	2.636995640742243	21.57409022627838	0.0668122410956071	0.34032485308074867	0.03340612054780355	0.014615177739664054
NOTNV25_LH2	pre-receptive	0.010072605226840154	0.11943231911824755	12.92746933684742	1.290732412639374	0.007194718019171539	0.004316830811502923	0.5712606107222201	0.02590098486901754	0.17699006327161984	0.14245541677959647	0.17411217606395124	1.5022571224030172	0.011511548830674461	0.2417425254441637	1.5612538101602238	0.06906929298404677	0.8504156698660759	0.0028778872076686154	0.08921450343772708	1.6101778926905903	0.23023097661348924	0.112237601099076	0.056118800549538	0.03453464649202338	0.9842374250226664	0.48492399449216167	0.09209239064539569	0.24030358184032938	0.005755774415337231	0.09353133424923	0.15684485281793953	0.25757090508634106	3.7858606216880637	0.14965013479876801	0.02014521045368031	1.0734519284603936	1.192884247578641	0.007194718019171539	0.3252012544665535	0.027339928472851847	0.20001316093296878	0.4777292764729902	0.7007655350673079	0.30937287482437614	0.010072605226840154	0.5065081485496763	0.1697953452524483	0.5726995543260545	0.19425738651763155	0.3165675928435477	0.004316830811502923	1.5094518404221888	3.3887121870297947	0.03165675928435477	0.37412533699692	0.03021781568052046	0.010072605226840154
NV06_LH2	pre-receptive	0.015432927014608638	0.1890533559289558	10.572841082258135	1.3773887360538208	0.0038582317536521595	0.0038582317536521595	0.21734705545573832	0.0282936995267825	0.29836992228243364	0.09516971659008659	0.20705843744599922	1.6667561175777328	0.007716463507304319	0.2919395360263467	1.0095706422056483	0.03601016303408682	0.6816209431452148	0.0012860772512173866	0.19548374218504275	1.5432927014608637	0.2469268322337382	0.33052185356286834	0.038582317536521596	0.038582317536521596	0.9619857839106051	0.5182891322406068	0.21220274645086876	0.2379242914752165	0.020577236019478185	0.1324659568753908	0.1710482744119124	0.3781067118579116	3.3296540034018136	0.11574695260956479	0.016719004265826024	1.4198292853439947	1.7760726839312106	0.006430386256086933	0.3408104715726074	0.05015701279747807	0.1350381113778256	0.4617017331870417	1.0121427967080832	0.22763567346547742	0	0.45912957868460696	0.13761026588026035	0.6610437071257367	0.15047103839243423	0.08230894407791274	0.005144309004869546	1.3799608905562557	6.387945706796758	0.02572154502434773	1.0108567194568658	0.056587399053565	0.010288618009739093
NV09_LH2	pre-receptive	0.01040011762189973	0.1310414820359366	13.642874296408065	1.464336561163482	0.004160047048759892	0.002080023524379946	0.5179258575706065	0.02080023524379946	0.30160341103509214	0.13936157613345637	0.15184171727973605	1.9677022540634288	0.01040011762189973	0.2662430111206331	1.5038570081267009	0.07072079982891816	0.9526507741660153	0	0.16640188195039568	1.352015290846965	0.2849632228400526	0.39520446963218975	0.018720211719419514	0.054080611633878596	0.8611297390932976	0.6011267985458044	0.18304207014543525	0.30160341103509214	0.02080023524379946	0.07904089392643794	0.2849632228400526	0.29744336398633225	4.033165613772716	0.14352162318221628	0.024960282292559352	1.1065725149701313	1.3915357378101838	0.006240070573139838	0.35152397562021087	0.07072079982891816	0.2225625171086542	0.48672550470490733	0.8257693391788385	0.3931244461078098	0.024960282292559352	1.0545719268606326	0.18304207014543525	0.613606939692084	0.4347249165954087	0.24544277587683364	0.004160047048759892	1.5953780431994187	6.027908173653083	0.03120035286569919	1.264654302823007	0.1040011762189973	0.022880258768179406
NV15_LH2	pre-receptive	0.030455307448436737	0.14152760520155894	13.045620519971548	1.6195057607874592	0.008957443367187274	0.005374466020312365	0.25259990295468115	0.030455307448436737	0.3350083819328041	0.17198291264999568	0.18094035601718295	1.9115184145577644	0.0519531715296862	0.3224679612187419	1.2970377995687175	0.13615313918124658	1.0211485438593493	0.019706375407812005	0.5893997735609227	2.9864116186202376	0.26334883499530587	0.7936294823327925	0.030455307448436737	0.059119126223436014	1.0856421361030977	1.051603851307786	0.1630254692828084	0.26334883499530587	0.008957443367187274	0.07524252428437311	0.26514032366874335	0.3493402913203037	3.1601860199436707	0.3636722007078034	0.08419996765156039	1.933016278639014	2.4077607770999396	0.019706375407812005	0.3260509385656168	0.12540420714062184	0.22931055019999425	0.3851700647890528	1.9939268935358874	0.7667571522312308	0.14690207122187132	0.8814124273312278	0.13436165050780913	0.6682252751921707	0.9656123949827883	0.27768074438280554	0.08240847897812292	1.649961068235896	8.181728771588856	0.012540420714062184	0.7273444014156067	0.05732763754999856	0.019706375407812005
NV18_LH2	pre-receptive	0.012995142851659213	0.19678359175369664	12.55145154572399	1.184414448479797	0.003712897957616918	0.012995142851659213	0.33601726516433106	0.005569346936425377	0.18193199992322898	0.16522395911395285	0.2747544488636519	1.9474149787700734	0.001856448978808459	0.2988882855881619	1.4368915095977473	0.0724015101735299	0.7648569792690851	0	0.5346573058968362	4.25312461045018	0.3026011835457788	0.09096599996161449	0.07054506119472144	0.06683216323710453	0.857679428209508	1.1695628566493292	0.10024824485565678	0.37314624474050023	0.005569346936425377	0.08539665302518912	0.3304479182279057	0.3304479182279057	0.7982730608876374	0.25433351009675886	0.0408418775337861	1.6076848156481256	1.81931999923229	0.003712897957616918	0.28403669375769425	0.14294657136825134	0.17821910196561205	0.3527253059736072	1.3366432647420905	0.10024824485565678	0.003712897957616918	1.1380032240095854	0.157798163198719	1.1547112648188615	0.10767404077089063	0.4251268161471371	0.011138693872850753	2.502493223433803	9.063183914542897	0.038985428554977636	0.21534808154178126	0.029703183660935346	0.011138693872850753
NV21_LH2	pre-receptive	0.024037686360586015	0.11818529127288124	11.766447473506854	1.0576581998657848	0.008012562120195339	0	0.17627636664429744	0.016025124240390678	0.1722700855841998	0.16425752346400443	0.19831091247483462	2.6621737644349013	0.0040062810600976695	0.2764333931467392	1.2679879555209124	0.14823239922361375	0.6470143912057736	0	0.23436744201571366	2.471875414080262	0.22435173936546948	0.5849170347742597	0.07812248067190455	0.03805967007092786	0.8433221631505594	0.8192844767899734	0.09414760491229524	0.27443025261669035	0.018028264770439513	0.09414760491229524	0.21834231777532298	0.40663752759991345	2.724271120866415	0.1322072749832231	0.04206595113102553	2.327649295916746	2.4157874792388947	0.0020031405300488347	0.5268259594028435	0.06810677802166037	0.2604082689063485	0.42666893290040175	1.5043585380666749	0.06810677802166037	0.006009421590146504	1.430242338454868	0.2083266151250788	0.691083482866848	0.09615074544234406	0.09014132385219756	0.0020031405300488347	2.133344664502009	6.522225565839006	0.018028264770439513	0.13421041551327192	0.014021983710341843	0.0040062810600976695
NV24_LH2	pre-receptive	0.009754906270660333	0.18952389325854363	11.467589100180556	1.452087476289724	0.004180674115997286	0.002787116077331524	0.8166250106581365	0.019509812541320667	0.2090337057998643	0.1825561030652148	0.17001408071722296	1.6360371373936045	0.015329138425323382	0.25362756303716866	1.5287331684163408	0.14911071013723654	1.141324033667259	0.001393558038665762	0.20206591560653547	1.9537683702093982	0.22157572814785614	0.11427175917059249	0.029264718811981002	0.044593857237304385	0.8040829883101447	0.9197483055194029	0.11705887524792401	0.33863460339578016	0.027871160773315237	0.3246990230091225	0.2954343041971415	0.26198891126916324	3.180099444235269	0.1435364779825735	0.040413183121307095	1.4186420833617457	2.3801971300411213	0.004180674115997286	0.4180674115997286	0.07943280820394844	0.2522340049985029	0.5239778225383265	0.5727523538916282	1.2946154179204927	0.058529437623962004	1.001968229800683	0.26477602734649475	0.6535787201342423	0.10033617878393486	0.18116254502654905	0.004180674115997286	1.8701548878894525	2.4930753311730482	0.025084044695983715	0.23272419245718223	0.05713587958529624	0.004180674115997286
NV40_LH2	pre-receptive	0.0430409568782902	0.1537177031367507	12.069914050297665	1.6253085144992443	0	0	0.10862717688330384	0.028693971252193466	0.28079100439646465	0.1557672725119074	0.10042889938267713	1.9409421982733723	0.004099138750313353	0.3115345450238148	0.7685885156837535	0.06558622000501364	0.6169203819221595	0	0.15986641126222073	4.720158270985825	0.29513799002256136	0.21110564564113765	0.018446124376410085	0.03894181812797685	0.9387027738217577	1.7646792320098983	0.10862717688330384	0.2930884206474047	0.014346985626096733	0.053288803754073584	0.29513799002256136	0.21110564564113765	1.9224960738969623	0.12707330125971392	0.024594832501880114	2.061866791407616	0.6784074631768598	0.008198277500626705	0.21930392314176436	0.03484267937766349	0.18651081313925752	0.24594832501880115	3.076403632110171	0.6230690900476296	0.008198277500626705	0.5492845925419892	0.0860819137565804	0.866967845691274	0.06558622000501364	0.10862717688330384	0.014346985626096733	1.563821433244544	12.680685724094355	0.03279311000250682	0.5451854537916758	0.004099138750313353	0.022545263126723437
NV47_LH2	pre-receptive	0.062279650168470764	0.2005100932253205	10.04221383570147	1.3564811609864487	0	0.0030380317155351594	0.1184832369058712	0.012152126862140638	0.372158885153057	0.21418123594522873	0.25671367996272093	1.8380091878987714	0.0045570475733027384	0.3448165997132406	1.152933036045593	0.05468457087963287	0.5772260259516803	0	0.0592416184529356	5.744917974076986	0.29924612398021316	0.8536869120653797	0.022785237866513694	0.056203586737400446	0.972170148971251	1.1985035117786202	0.2506376165316506	0.3265884094200296	0.010633111004373056	0.07139374531507624	0.3645638058642191	0.3630447900064515	4.080076593963719	0.12455930033694153	0.018228190293210954	2.626378418080145	0.8248256107677957	0.007595079288837898	0.3797539644418949	0.03949441230195707	0.17316780778550409	0.3205123459889593	1.6344610629579157	0.2536756482471858	0.0015190158577675797	0.6136824065381021	0.0896219356082872	0.6850761518531784	0.19747206150978536	0.1200022527636388	0.010633111004373056	1.7575013474370895	13.428100182665403	0.03949441230195707	0.7822931667503035	0.016709174435443376	0.007595079288837898
NV48_LH2	pre-receptive	0.039943455533755674	0.19172858656202724	10.41725320320348	1.4819022003023354	0.0019971727766877837	0	0.10585015716445254	0.013980209436814486	0.3155532987166698	0.26762115207616305	0.2975787437264798	1.6736307868643627	0.011983036660126702	0.3574939270271133	1.5757693208066614	0.10784732994114032	0.5891659691228962	0	0.11184167549451589	1.412001153118263	0.26762115207616305	0.3554967542504255	0.021968900543565623	0.07589256551413578	1.0465185349843986	1.8314074362226977	0.0858784293975747	0.28959005261972864	0.013980209436814486	0.06990104718407243	0.21968900543565623	0.1717568587951494	1.0205552888874574	0.10185581161107697	0.019971727766877837	1.4479502630986432	1.3061509959538107	0.013980209436814486	0.22967486931909514	0.0619123560773213	0.10385298438776476	0.31155895316329424	0.7689115190247967	0.3075646076099187	0.007988691106751135	1.1783319382457924	0.10585015716445254	0.876758848965937	0.09786146605770141	0.07589256551413578	0.003994345553375567	1.3440972787108785	6.610641890836564	0.05192649219388238	0.4533582203081269	0.04593497386381903	0.005991518330063351
NOT12009_LH2	pre-receptive	0.018786909407141953	0.2991454036367988	19.71902914311169	2.0680051816630876	0.03179323130439408	0.017341762529669496	0.26301673169998735	0.03468352505933899	0.4711178820560213	0.1343986596049386	0.2167720316208687	2.66340569518174	0.010116028142307205	0.703786529329087	1.874355500081778	0.054915581343953405	0.05925102197637078	0.001445146877472458	0.2644618785774598	3.378753399530607	0.28035849422965686	0.2919196692494365	0.0722573438736229	0.15463071588955302	1.3598832117015829	0.9350100297246803	0.29480996300438145	0.447995532016462	0.04913499383406357	0.060696168853843234	0.21243659098845133	0.5534912540719514	3.7877299658553123	0.14017924711482843	0.030348084426921617	2.0997984129674814	3.09261431779106	0.08381851889340257	0.7702632856928201	0.052025287589008484	0.2760230535972395	0.6040713947834875	1.2919613084603774	0.24567496917031786	0.00722573438736229	0.2138817378659238	0.3569512787356971	0.5664975759692036	0.77604387320271	0.18064335968405726	0.013006321897252121	2.1980684006356084	11.93546806104503	0.037573818814283906	0.7240185856137015	0.08815395952581993	0.03468352505933899
NOT12010_LH2	pre-receptive	0.03434699790743474	0.24395175436819033	15.36367637167177	1.917267037038088	0.017613845080735765	0.05724499651239123	0.24395175436819033	0.02554007536706686	0.42361297419169514	0.1197741465490032	0.13122314585148145	2.783868215010288	0.02377869085899328	0.5627623503295077	1.2373726169216874	0.030824228891287588	0.39807289882462826	0	0.18494537334772554	4.2995395842076	0.34258928682031065	0.540745043978588	0.0449153049558762	0.08014299511734772	0.997824323823681	0.8392997180970592	0.41392535939729047	0.41656743615940084	0.048438073972023356	0.1867067578557991	0.2554007536706686	0.3734135157115982	7.057867723850821	0.13738799162973897	0.02377869085899328	3.576491243643397	1.5588252896451151	0.08630784089560524	0.6393825764307083	0.06076776552853839	0.2483552156383743	0.47997727845004956	2.7671350621835886	0.3672486699333407	0.014091076064588611	0.17789983531543122	0.21048544871479238	0.46852827914757134	0.21136614096882916	0.14531422191607005	0.014091076064588611	2.200849942837934	15.203390381437075	0.02554007536706686	0.8516294096535743	0.053722227496244085	0.018494537334772552
NOTNV04_LH2	pre-receptive	0.03209192687990955	0.3114804667755927	24.36343578306545	2.971334876998684	0.033979687284610115	0.013214322832903932	0.18122499885125393	0.030204166475208988	0.6777059852875017	0.10760234306793202	0.12459218671023707	2.6560788894136906	0.033979687284610115	1.055258066227614	1.5706166567108675	0.028316406070508428	0.1189289054961354	0.0018877604047005617	0.22086796734996572	7.83043015869793	0.3001539043473893	2.0916385284082226	0.030204166475208988	0.1340309887337399	1.6744434789693983	0.8589309841387556	0.7815328075460326	0.568215881814869	0.02076536445170618	0.11515338468673426	0.2548476546345758	0.6531651000263944	3.9208783605630666	0.16612291561364945	0.026428645665807864	6.093690586373413	1.1137786387733315	0.08872473902092641	0.443623695104632	0.07928593699742359	0.35678671648840615	0.4039807266059202	6.054047617874701	0.37377656013071126	0.009438802023502809	0.18688828006535563	0.21898020694526515	1.0401559829900096	1.17607473212845	0.3190315083943949	0.02076536445170618	3.3526624787481976	40.77751250193683	0.04153072890341236	1.1704114509143484	0.04719401011751404	0.10760234306793202
NOTNV05_LH2	pre-receptive	0.10082822388927803	0.33649901225698814	18.706672526156535	3.0940901957348332	0.02794035119823367	0.008503585147288509	0.14577574538208873	0.0534511066400992	0.66813883300124	0.1554941284075613	0.06559908542193993	2.187850978609515	0.0267255533200496	1.0070674410145963	1.1127548564166105	0.025510755441865526	0.6061841412138522	0.0024295957563681453	0.36808375708977403	6.512531424944814	0.3814465337497988	2.6482593744412783	0.012147978781840726	0.11905019206203912	1.6229699652539211	0.8564325041197712	0.49685233217728575	0.467697183100868	0.02794035119823367	0.16278291567666575	0.30491426742420225	0.7264491311540755	3.3880712822553787	0.30855866105875446	0.03158474483278589	5.132521035327707	0.2259524053422375	0.09475423449835767	0.4166756722171369	0.09110984086380546	0.2708999268350482	0.3304250228660678	6.578130510366753	0.23445599048952603	0.02308115968549738	0.1907232668748994	0.2587519480532075	0.8260625571651694	0.8637212913888757	0.29276628864236154	0.025510755441865526	2.3980110115353597	23.183202707264844	0.04616231937099476	1.7007170294577016	0.021866361807313307	0.043732723614626615
NOTNV07_LH2	pre-receptive	0.017056925988142718	0.29535413947889233	13.44265314454995	2.5459706369669868	0.01256826125442095	0.01975012482837578	0.25675162276888513	0.018852391881631427	0.46592339936031957	0.12478487959746516	0.2504674921416747	3.741750922030466	0.015261460094654011	0.708311294981295	1.6168170370865809	0.035909317869774145	0.8330961745787602	8.977329467443536e-4	0.39949116130123735	3.8144672907167587	0.33036572440192213	0.368070508165185	0.0601481074318717	0.1274780784376982	1.7182608600686928	1.429190851217011	0.20019444712399087	0.3698659740586737	0.030522920189308023	0.08977329467443536	0.3626841104847189	0.6741974430050096	2.7524492147181885	0.1526146009465401	0.06284130627210475	2.6465167270023544	2.0064331359736305	0.061045840378616045	0.5727536200228976	0.12119394781048774	0.2962518724256367	0.44886647337217683	2.15276360629296	0.20737631069794568	0.008079596520699183	0.21635364016538922	0.25226295803516335	1.07638180314648	0.19301258355003603	0.2594448216091182	0.007181863573954829	3.1312925182443054	17.224802049183914	0.03321611902954109	2.9993257750728857	0.01975012482837578	0.0601481074318717
NOTNV08_LH2	pre-receptive	0.03559479206160699	0.2838456495169173	15.59964579274325	1.9421978847974277	0.019166426494711456	0.020079113470650098	0.24277473559967847	0.02281717439846602	0.5804689166969755	0.11956199384796194	0.15241872498175302	3.3869813677082963	0.03103135718191379	0.48920021910311146	1.2129609910224537	0.03376941810972971	0.44630393123399537	0	0.32309118948227883	3.895348013306119	0.3285673113379107	0.3577732945679472	0.04380897484505476	0.09126869759386408	1.3562528462448202	1.4694260312612117	0.1944023258749305	0.30118670205975145	0.03559479206160699	0.06115002738788893	0.24094936164780117	0.36781285130327224	4.795257371581619	0.2299971179365375	0.03833285298942291	2.7407989887437383	1.9148172755192685	0.0894433236419868	0.6032860910954416	0.06845152319539806	0.2509889183831262	0.3824158429182905	4.830852163643226	0.1898388909952373	0.014602991615018253	0.19714038680274643	0.1898388909952373	0.8807429317807884	0.3997568954611247	0.10769706316075962	0.007301495807509126	2.02799046053566	20.216929204016832	0.026467922302220583	1.0222094130512778	0.028293296254097867	0.052935844604441167
NOTNV10_LH2	pre-receptive	0.01573056927565077	0.1955085038545167	20.313782995320736	2.3359895374341395	0.010112508820061209	0.017977793457886596	1.6573278343989204	0.0370791990068911	0.2651724535038273	0.13595706302526736	0.15056402020980023	3.021392913016066	0.024719466004594067	0.3359600152442557	1.882050252622503	0.03595558691577319	1.5000221416424127	0	0.2988808162373646	1.444965149177635	0.3404544636087274	0.17191264994104055	0.057304216647013524	0.05393338037365979	1.8505891140712014	0.4494448364471649	0.08539451892496132	0.4157364737136275	0.024719466004594067	0.6179866501148517	0.24270021168146902	0.8438326804295521	6.228181821066587	0.1955085038545167	0.02584307809571198	2.1292449126684434	3.6742115379555726	0.0460680957358344	0.8460799046117878	0.1955085038545167	0.4280962067159245	0.8730465947986178	0.20000295221898837	3.3236445655267843	0.1494404081186823	0.2483182721370586	0.37191560216002895	0.61349220175038	0.2123626852212854	0.27079051395941683	0.01573056927565077	2.0663226355658404	3.6640990291355116	0.03146113855130154	1.2483330332320004	0.17415987412327638	0.01573056927565077
NOT12012_LH2	pre-receptive	0.04767278756423629	0.30910420323908044	18.220231840679727	3.583148226602276	0.012302654855286784	0.004613495570732544	0.17531283168783668	0.03537013270894951	0.6797216807545948	0.10457256626993768	0.18146415911548008	3.2940358375030367	0.05997544241952307	0.6827973444684166	1.9099871662832733	0.015378318569108481	0.15378318569108482	0.001537831856910848	0.3767688049431578	4.325921013490215	0.4275172562212158	3.713863934439698	0.08150508841627495	0.10149690255611597	2.4067068560654774	1.1379955741140275	0.24451526524882483	0.3982984509399097	0.03537013270894951	0.06920243356098817	0.33678517666347574	1.753128316878367	2.145275440390633	0.17069933611710414	0.05228628313496884	3.9214712351226626	3.8138230051389033	0.05382411499187968	0.6258975657627152	0.11687522112522446	0.22144778739516213	0.556695132201727	13.828184057342346	0.5505438047740836	0.024605309710573568	0.2460530971057357	0.17531283168783668	0.7104783178928118	0.48749269864073885	0.25681792010411164	0.01691615042601933	3.6585019875909075	21.103666572387567	0.01691615042601933	0.6874108400391491	0.043059291993503744	0.10303473441302682
NOTNV01_LH2	pre-receptive	0	0.012837580570576261	70.81209442729865	1.874286763304134	0.025675161141152522	0.012837580570576261	0.5006656422524741	0.08986306399403382	0.10270064456461009	0.0641879028528813	0.41080257825844035	4.711392069401487	0.11553822513518634	0.5520159645347792	6.816755282975994	0.03851274171172878	0.43647773939959283	0	2.6958919198210145	5.391783839642029	0.8601178982286094	5.6356978704829785	0.03851274171172878	0.051350322282305044	1.386458701622236	0.346614675405559	0.08986306399403382	1.0911943484989821	0	0.5391783839642029	0.33377709483498275	1.6303727324631851	14.442278141898292	1.0270064456461008	0.14121338627633886	8.973468818832806	2.8499428866679297	0.4493153199701691	0.16688854741749137	0.47499048111132164	0.5776911256759317	0.41080257825844035	26.496766297669403	0.8601178982286094	0.07702548342345757	0.08986306399403382	0.46215290054074537	0.6290414479582368	2.965481111803116	0.07702548342345757	0.1925637085586439	3.838436590602302	89.69617544661634	0.051350322282305044	0.8216051565168807	0.14121338627633886	0.08986306399403382
NOTNV03_LH2	pre-receptive	0.02062951641172962	0.30531684289359834	33.27678527321399	3.277342507276779	0.03163192516465208	0.026130720788190853	2.707967854313041	0.05776264595284293	0.42084213479928423	0.09764637768218687	0.2915638319524453	3.8604701711816696	0.11002408752922463	0.6381397076695029	3.2965967225943933	0.028881322976421465	0.33832406915236574	0.001375301094115308	0.8403089685044531	1.0658583479393637	0.6271372989165804	0.41809153261105364	0.06051324814107355	0.09076987221161033	3.1989503449122063	0.7302848809752285	0.4827306840344731	0.8375583663162225	0.0343825273528827	0.4772294796580119	0.36858069322290254	0.7907981291163021	4.560498428086361	0.2626825089760238	0.06463915142341947	2.707967854313041	4.98271586397976	0.05913794704695824	0.8788173991396818	0.11965119518803179	0.8141782477162623	1.3106619426918884	6.27549889244815	14.396651853199044	0.8018005378692246	0.2640578100701391	0.4373457479286679	0.39196081182286274	0.884318603516143	1.4358143422563814	0.06326385032930416	3.028413009241908	6.602820552847594	0.03300722625876739	10.816743105216897	0.4676023719992047	0.009627107658807156
Oulu-10_LH10	post-receptive	0.3601218439527497	1.1311368082188007	52.322752107941476	20.300245452720084	2.2174059768631604	0.11216909893610236	3.2351929587886366	0.8690153349154878	1.7415728519026419	0.26212147330331287	1.7521993981176411	9.42928867477593	4.918910170187394	12.330335791470706	14.06836646130168	1.0543895299993622	1.1948960855087958	0.9823651612088122	13.377640957326735	0.78754514726716085	5.307369470713475	10.064519992961438	0.9374975216343713	11.149608434248576	9.327746122054828	0.024795274501664733	3.2706147795053004	4.629631967667972	0.07674727821943846	3.079336947635315	5.682840770310112	5.6545033137367815	50.466648702388284	46.707212796993026	2.9624449392703247	30.1982828883132	12.46139652812236	0.9717386149938131	4.162063934208009	3.664977716817492	10.38213565205419	4.105389021061346	0.6600265926871708	30.317536351392636	7.504703082503859	0.8572080613432664	4.729993793031853	0.08737382443443763	74.31734131827531	1.179546629864908	0.8536658792716001	23.830620250814253	1.2751855457999006	1.9186819554859615	31.29517860317256	4.5044748678024265	5.53170766858568
Oulu-15_LH10	post-receptive	1.881986579859005	0.6729847042043048	54.18382915924365	19.743079649171687	2.9408509676873043	0.06189878884070905	6.758820943202529	0.8718510257989232	3.131815316238428	0.7954652863784737	4.94268413870598	9.478416665671979	9.600897247846149	20.695267400912808	19.9498479438098	0.6769356907260522	7.766322506248112	0.6584977536245643	14.8886342094514	0.5057262747836654	5.1007235995758755	8.381359408133456	0.8560470797119336	13.849524754231837	10.961353606834498	0.021071928115986058	4.753036785662106	6.293921529143586	0.10404264507268117	7.2619132269716955	4.999314945517693	7.870365151320793	72.4808477414558	63.7794584250608	4.455395801023802	31.45775468615269	14.912340128581885	2.0176371171056653	3.5387669279784086	4.700356965372141	10.344999709441906	6.063447315374988	1.1681750149299772	22.866992992366622	3.6191036539206056	1.6093685098584352	6.803598790448999	0.07901973043494773	85.3426258652508	2.157238640874073	1.6633653256556495	26.802175568027018	1.5066428602930033	1.8056008404385555	44.93983769386202	11.1865598385741	7.689936766827662
Oulu-2_LH10	post-receptive	0.4115019437659419	1.237888039054806	51.656459072360796	19.427401356095096	2.0980962119134734	0.0304398698128231	2.7339512702257784	0.952655184882797	2.1161346532840355	0.5028215532044112	3.9842407377228457	9.310090552381228	4.839939300238873	23.97759819181932	15.174838802985144	0.5569368773160966	1.3596475183060983	1.1307847934170951	11.147756767007214	0.68771557725267	5.969596691070308	15.047442310805552	1.0552488201778674	6.891812006140282	8.094750565039623	0.07440857065356757	2.974088020971383	4.848958520924153	0.1533267516497756	4.332608136691821	4.667446704632876	6.96960278455083	16.1060733387404	23.802850791042005	2.6189562064884466	20.484904981444284	11.931301564040995	0.6313454479696643	3.328092432868659	5.131936569924842	8.622374975128558	5.147720206124084	0.6200714221130631	54.09503086514363	18.505186041025123	1.5310127113264358	6.310072271939663	0.06989896031092711	67.0443769640357	2.800468022779725	2.0293246541882066	20.739697965803472	1.600911671637363	1.2029385588993424	14.508543874860017	2.521999584121677	2.759881529695961
Oulu-34_LH10	post-receptive	0.9359216699603734	1.1402496170763228	46.21997835932102	18.03767248271872	2.5506108130229985	0.205324668809198	3.0958175792299465	1.242911951480922	2.2226893759442308	0.851200326034248	2.825706000359594	11.34767647763456	2.384158290250493	14.973749997672726	16.166825864491223	1.8987548256384572	5.597589029283767	1.980486004484837	13.508569108597381	0.6538494307710383	6.835517372298446	13.309224769947674	1.3814562668424681	7.479399586136999	6.101930206067525	0.03787542434344429	1.6784793314305313	5.987307211343944	0.1086426645640902	9.575505307038666	7.3119503416712455	5.265680705432005	40.777877914184025	55.34297201762485	1.644590793860081	22.581726682238784	10.582194217219685	10.614089311403639	3.2243946776590073	8.476121279385533	7.901012862381129	4.030742527497072	0.395698512219668	42.13740630377502	13.927192219761766	1.293744757836597	12.160004657632115	0.10963938625733874	64.36629350660382	1.9545712404603752	2.54263703947701	27.413833451107678	0.7874101376663418	1.0625053250029373	26.33139369223977	10.245302284901681	2.015371263748536
Oulu-16_LH11	post-receptive	0.7041600443154726	0.8271086234816662	67.13790789871356	25.412034252337296	1.730860517092908	0.14210939669858746	7.412042915447674	0.9229127111436354	3.600636961295671	0.40716737256336855	7.999641319774417	6.078769362151937	10.219102683943367	34.54855074570041	25.416824456720395	0.21076899285633197	1.5360588721802375	2.3535870868957067	16.144585505836154	0.45187594680562077	7.998044584980051	14.13429639972917	0.5907918739154759	15.2839454516728	11.121257842760242	0.027144491504224568	5.31872360003365	6.177766919402639	0.1405126619042213	15.560180571098144	9.233917315819452	8.098638877025119	85.34068455448768	57.29084442185751	11.207481521656016	46.5687702776888	15.663968332731942	72.13249433549088	7.308255153813874	9.216353233081424	10.332470854343365	10.675768835132086	3.594250022118206	46.26060046237613	13.532327382253131	1.4546253976675636	11.609858689836285	0.03512816547605532	98.63509845238026	1.9176784880337476	0.9149290371718046	32.04008038375119	0.2379134843605565	1.87935685296896	76.57780400300625	9.039115670906781	2.661756902208374
Oulu-28_LH11	post-receptive	0.36859688498186927	0.6510730024446102	54.28364218265697	12.899742697465168	2.8626543123358257	0.19865190374412267	5.863101852702257	0.7050420167565973	1.088566501441782	0.4604590370022728	1.3400391425976368	8.561552568301611	3.743382694831445	17.000239508275932	9.8338433737842	0.877283551794854	1.8016464565001646	2.401046998433298	15.978273067048942	0.7061902936568523	5.352118632088762	8.16999014531464	0.3674486080816142	9.01856677460312	9.821212327881394	0.027558645606121066	3.304740918934018	4.278479730350296	0.05741384501275222	7.638337940496555	4.938738947996946	4.737790490452313	54.261824921552126	47.842957049126426	3.2679960581258563	21.43373662016066	15.412172555223206	3.933996660273782	1.7143774120807813	7.602741356588649	7.910479565857001	3.721565433726599	0.7188213395596578	33.1082678650537	8.95081843748807	0.7107834012578725	5.56799468933671	0.04593107601020178	74.95147811034751	2.20124681778892	0.9668491500147474	26.091147727595118	0.9415870582091365	1.527208277339209	43.38075301473532	6.914923493335877	4.579328278217117
Oulu-5_LH11	post-receptive	0.9086419122051203	0.998449543062603	44.773066083816545	21.8549511092592	1.7604937048974205	0.2852712980178866	7.1185754459093	0.6128050105569416	1.699741484023241	0.48073496517829034	2.4631063463118448	12.477977887374966	5.689577554912294	20.12879561616023	12.890036428956357	0.9429801240035696	7.444788457994568	1.691817281300522	24.38013037689901	0.3711168275140099	5.265632709246823	9.748090049398245	0.34866491979963915	7.303473509439411	6.471432223553909	0.010565603630292096	2.7074359302623496	4.0505882917632325	0.0660350226893256	8.323054259762598	4.580189173731624	4.260579663915288	72.98851057851158	67.33591263630531	2.896296095153821	21.738729469325985	10.63163865298142	4.660751901412601	3.3532584521639537	7.178006966329693	7.456674762078647	3.645133252450773	1.4752224068795339	46.3922448401588	15.660865981000459	1.266551735181265	11.450472934329058	0.06471432223553908	81.7790927989146	2.0114267911168575	2.0708583115372505	24.707664089438065	0.9601492299027942	1.147688694340479	30.607233016502413	3.5143839075259082	1.5280504250309943
Oulu-39_LH12	post-receptive	0.3365643030601501	0.49610452464061094	80.98523905322678	17.107956911395164	2.8826514008853117	0.2994111007742894	4.593884188522309	0.9069752322724826	2.1789260399413615	0.3999432951948537	6.012262322847228	10.41819501745283	2.6597321871701474	24.92979873381255	25.683790191966782	0.7124672908935645	1.7877246746961222	2.0106438884112867	14.135700728526306	0.27974175838765725	5.7347060469469735	18.034601486054278	0.6687576411454932	12.31519381651913	10.068517819468259	0.05026609721028216	4.471497169227709	6.547705532261102	0.1573547390930572	6.604528076933596	7.150898698784489	6.3990927231176595	131.93757776455365	88.57979069695419	4.5305051963876055	44.38277835419175	15.602159477574103	24.529855438617695	7.9048901569387215	6.772810228463671	8.9932604356657	8.488413981075475	1.8030230521079471	8.429405953915579	1.5735473909305722	1.0446606289789075	5.706294774610727	0.0786773695465286	135.89330106675413	1.8205069120071757	0.5660399642375252	30.68635960563356	1.1014831736514004	2.28820016431154	27.14369249355237	6.9083101426826925	10.280509620746404
